subID, block_state, block_number, trial_encoding, trial_retrieval, trial_total_enc, trial_total_ret, object_name, object_number, object_percep, object_category, context_name, context_number, context_category, RT_encoding, cue_retrieval, RT_reinstatement, catch_trial_type, acc_catch, RT_catch_trial, catch_trial_2_type, acc_catch_2, RT_catch__2_trial, total_responses_distractor, accuracy_distractor, OnsetEncodingBlockStart, WordOnsetEncoding, ObjectContextOnset, ResponseEncodingOnset, OnsetRetrievalBlockStart, CueRetrievalOnset, ResponseRetrievalOnset, CatchTrialOnset, ResponseCatchOnset, CatchTrialOnset_2, ResponseCatchOnset_2, episode_remembered, OnsetEnd
SJT, encoding,1,1,0,1,0, laptop,9,2,6, ,0,0,3.662665, split,0, NO,2,0, NO,2,0,0,0,20.838194,25.456526,28.224994,31.894149, , , , , , , , , 
SJT, encoding,1,2,0,2,0, gorilla,8,2,3, ,0,0,3.291622, pump,0, NO,2,0, NO,2,0,0,0,20.838194,33.208217,35.85196,39.149164, , , , , , , , , 
SJT, encoding,1,3,0,3,0, seahorse,10,2,4, ,0,0,5.22981, allocate,0, NO,2,0, NO,2,0,0,0,20.838194,40.641567,43.25768,48.492786, , , , , , , , , 
SJT, encoding,1,4,0,4,0, rabbit,12,2,3, ,0,0,5.874293, adjusted,0, NO,2,0, NO,2,0,0,0,20.838194,49.708155,53.141059,59.020653, , , , , , , , , 
SJT, encoding,1,5,0,5,0, centipede,5,1,1, ,0,0,5.689703, give,0, NO,2,0, NO,2,0,0,0,20.838194,60.615918,63.96558,69.660565, , , , , , , , , 
SJT, encoding,1,6,0,6,0, canary,1,1,2, ,0,0,3.988613, trap,0, NO,2,0, NO,2,0,0,0,20.838194,70.886853,74.250499,78.244418, , , , , , , , , 
SJT, encoding,1,7,0,7,0, radio,13,1,6, ,0,0,4.552474, peek,0, NO,2,0, NO,2,0,0,0,20.838194,79.039909,81.614558,86.172298, , , , , , , , , 
SJT, encoding,1,8,0,8,0, betroot,4,1,7, ,0,0,4.370804, guide,0, NO,2,0, NO,2,0,0,0,20.838194,87.068377,90.252206,94.628264, , , , , , , , , 
SJT, retrieval,1,0,1,8,1, gorilla,8,2,3, geisser,14,1,0, pump,6.928128, perceptual,1,2.471466, semantic_animated,1,1.519897,30,1, , , , ,146.136919,152.750047,159.68467,163.214646,165.692483,166.246128,167.772507,1, 
SJT, retrieval,1,0,2,8,2, seahorse,10,2,4, pool_room,28,4,0, allocate,5.029047, perceptual,1,0.80824, semantic_animated,1,0.753506,30,1, , , , ,146.136919,169.512974,174.54749,178.053674,178.867484,179.396426,180.155536,1, 
SJT, retrieval,1,0,3,8,3, canary,1,1,2, snow_night,25,2,0, trap,2.018052, semantic_animated,1,0.952982, perceptual,0,3.818154,30,1, , , , ,146.136919,181.19583,183.219126,186.732773,187.691118,188.227608,192.05106,1, 
SJT, retrieval,1,0,4,8,4, betroot,4,1,7, swimming_pool,31,3,0, guide,6.515024, perceptual,1,4.087242, semantic_animated,1,1.264042,30,1, , , , ,146.136919,193.058611,199.578989,203.094294,207.18689,207.717514,208.986916,1, 
SJT, retrieval,1,0,5,8,5, laptop,9,2,6, church,6,3,0, split,1.785823, semantic_animated,1,1.180164, perceptual,1,1.98363,30,1, , , , ,146.136919,210.347667,212.138765,215.649241,216.834771,217.365743,219.354728,1, 
SJT, retrieval,1,0,6,8,6, radio,13,1,6, granada,12,2,0, peek,2.541576, semantic_animated,1,1.846571, perceptual,1,1.305636,30,1, , , , ,146.136919,220.687819,223.234728,226.750729,228.602592,229.131604,230.442616,1, 
SJT, retrieval,1,0,7,8,7, rabbit,12,2,3, paris,20,2,0, adjusted,2.566081, semantic_animated,1,1.825317, perceptual,0,1.922283,30,1, , , , ,146.136919,231.983101,234.554544,238.059853,239.890487,240.426847,242.354463,1, 
SJT, retrieval,1,0,8,8,8, centipede,5,1,1, malopolska,16,2,0, give,3.989395, perceptual,3,3.430829, semantic_animated,0,3.578178,30,1, , , , ,146.136919,243.167648,247.162341,250.670175,254.106337,254.642818,258.226299,1, 
SJT, encoding,2,1,0,9,8, tie,16,1,8, ,0,0,5.183791, add,0, NO,2,0, NO,2,0,0,0,264.768545,270.602914,273.772865,278.962334, , , , , , , , , 
SJT, encoding,2,2,0,10,8, crab,2,1,4, ,0,0,4.753455, grind,0, NO,2,0, NO,2,0,0,0,264.768545,280.610973,283.227148,287.985878, , , , , , , , , 
SJT, encoding,2,3,0,11,8, bumble bee,3,2,1, ,0,0,5.885856, launch,0, NO,2,0, NO,2,0,0,0,264.768545,288.791709,291.87856,297.769766, , , , , , , , , 
SJT, encoding,2,4,0,12,8, pomegranate,14,1,5, ,0,0,3.75635, dig,0, NO,2,0, NO,2,0,0,0,264.768545,298.439806,301.928025,305.689622, , , , , , , , , 
SJT, encoding,2,5,0,13,8, peacock,10,2,2, ,0,0,3.695546, boot,0, NO,2,0, NO,2,0,0,0,264.768545,306.717385,309.236684,312.937554, , , , , , , , , 
SJT, encoding,2,6,0,14,8, giraffe,7,1,3, ,0,0,4.40617, brush,0, NO,2,0, NO,2,0,0,0,264.768545,314.039911,316.670053,321.081506, , , , , , , , , 
SJT, encoding,2,7,0,15,8, eagle,4,2,2, ,0,0,6.060007, touch,0, NO,2,0, NO,2,0,0,0,264.768545,322.649802,326.151991,332.217339, , , , , , , , , 
SJT, encoding,2,8,0,16,8, lettuce,10,2,7, ,0,0,4.437646, utilize,0, NO,2,0, NO,2,0,0,0,264.768545,333.225375,336.118309,340.561212, , , , , , , , , 
SJT, retrieval,2,0,1,16,9, lettuce,10,2,7, island_kitchen,17,4,0, utilize,2.392978, semantic_animated,1,0.986279, perceptual,1,1.143728,31,0.967742, , , , ,393.577978,395.986231,398.384502,401.896887,402.888493,403.419495,404.568421,1, 
SJT, retrieval,2,0,2,16,10, crab,2,1,4, sunset,28,1,0, grind,2.81036, perceptual,1,1.052334, semantic_animated,1,0.756421,31,0.967742, , , , ,393.577978,405.592767,408.408372,411.918683,412.976393,413.510567,414.272351,1, 
SJT, retrieval,2,0,3,16,11, eagle,4,2,2, music_store,21,3,0, touch,1.912112, perceptual,1,2.141729, semantic_animated,1,0.952389,31,0.967742, , , , ,393.577978,415.226871,417.144365,420.653155,422.800233,423.338516,424.296214,1, 
SJT, retrieval,2,0,4,16,12, pomegranate,14,1,5, mountain_landscape,19,1,0, dig,8.839034, semantic_animated,1,1.317808, perceptual,1,1.182996,31,0.967742, , , , ,393.577978,425.691734,434.536049,438.052871,439.376067,439.907743,441.096011,1, 
SJT, retrieval,2,0,5,16,13, tie,16,1,8, new_york,17,2,0, add,4.446723, perceptual,1,4.695314, semantic_animated,1,6.510745,31,0.967742, , , , ,393.577978,442.163897,446.615969,450.123222,454.823896,455.3557,461.871773,1, 
SJT, retrieval,2,0,6,16,14, giraffe,7,1,3, destroyed_living,11,4,0, brush,2.205556, perceptual,1,2.392704, semantic_animated,1,0.857968,31,0.967742, , , , ,393.577978,463.148893,465.359784,468.865622,471.26366,471.800314,472.663666,1, 
SJT, retrieval,2,0,7,16,15, bumble bee,3,2,1, ronda_road,22,2,0, launch,3.00678, perceptual,1,1.559057, semantic_animated,1,1.351057,31,0.967742, , , , ,393.577978,473.627487,476.639594,480.147107,481.711527,482.251124,483.607527,1, 
SJT, retrieval,2,0,8,16,16, peacock,10,2,2, waterfall,31,1,0, boot,4.701304, semantic_animated,3,2.70293, perceptual,3,0.679729,31,0.967742, , , , ,393.577978,485.268811,489.975377,493.491121,496.199328,496.730261,497.415319,1, 
SJT, encoding,3,1,0,17,16, gloves,6,1,8, ,0,0,3.896989, spray,0, NO,2,0, NO,2,0,0,0,568.647612,574.177753,576.95997,580.862384, , , , , , , , , 
SJT, encoding,3,2,0,18,16, hairdryer,6,2,6, ,0,0,3.82037, deliver,0, NO,2,0, NO,2,0,0,0,568.647612,581.832447,584.988486,588.814163, , , , , , , , , 
SJT, encoding,3,3,0,19,16, fly,8,1,1, ,0,0,4.443625, pick,0, NO,2,0, NO,2,0,0,0,568.647612,589.487249,592.117255,596.566106, , , , , , , , , 
SJT, encoding,3,4,0,20,16, banana,3,1,5, ,0,0,3.98772, squeeze,0, NO,2,0, NO,2,0,0,0,568.647612,597.213979,600.341136,604.334032, , , , , , , , , 
SJT, encoding,3,5,0,21,16, carrot,5,2,7, ,0,0,5.43035, detect,0, NO,2,0, NO,2,0,0,0,568.647612,605.393736,608.314246,613.749965, , , , , , , , , 
SJT, encoding,3,6,0,22,16, onions,12,2,7, ,0,0,4.218359, spread,0, NO,2,0, NO,2,0,0,0,568.647612,614.709375,617.27017,621.493808, , , , , , , , , 
SJT, encoding,3,7,0,23,16, lion,11,1,3, ,0,0,4.064367, decorate,0, NO,2,0, NO,2,0,0,0,568.647612,622.339174,625.00804,629.077722, , , , , , , , , 
SJT, encoding,3,8,0,24,16, mosquito,12,2,1, ,0,0,2.894302, spin,0, NO,2,0, NO,2,0,0,0,568.647612,629.923239,632.898161,635.797609, , , , , , , , , 
SJT, retrieval,3,0,1,24,17, fly,8,1,1, gym,16,3,0, pick,7.334587, perceptual,1,3.979001, semantic_animated,0,3.615975,29,1, , , , ,682.190717,685.817051,693.156948,696.644551,700.628881,701.143559,704.76484,1, 
SJT, retrieval,3,0,2,24,18, carrot,5,2,7, hardware_shop,18,3,0, detect,3.579179, perceptual,1,1.487766, semantic_animated,1,0.641519,29,1, , , , ,682.190717,705.820291,709.404678,712.895655,714.388663,714.901885,715.548677,1, 
SJT, retrieval,3,0,3,24,19, hairdryer,6,2,6, desert,7,1,0, deliver,2.612392, perceptual,1,1.441163, semantic_animated,1,0.70568,29,1, , , , ,682.190717,716.546945,719.164615,722.654102,724.100529,724.605633,725.316525,1, 
SJT, retrieval,3,0,4,24,20, onions,12,2,7, street,26,2,0, spread,2.419535, perceptual,1,1.402075, semantic_animated,1,1.342117,29,1, , , , ,682.190717,726.291771,728.716496,732.205048,733.612473,734.129019,735.476414,1, 
SJT, retrieval,3,0,5,24,21, lion,11,1,3, woodsmill,32,2,0, decorate,1.821742, semantic_animated,1,1.495931, perceptual,1,0.791519,29,1, , , , ,682.190717,736.313496,738.14037,741.63108,743.132293,743.639516,744.436294,1, 
SJT, retrieval,3,0,6,24,22, banana,3,1,5, budapest,5,2,0, squeeze,1.946968, semantic_animated,1,3.080582, perceptual,1,3.481139,29,1, , , , ,682.190717,745.228073,747.180269,750.670332,753.756199,754.269696,757.756158,1, 
SJT, retrieval,3,0,7,24,23, gloves,6,1,8, shoe_shop,28,3,0, spray,2.209667, perceptual,1,1.088142, semantic_animated,1,1.122471,29,1, , , , ,682.190717,758.821175,761.036092,764.526707,765.620047,766.132266,767.260082,1, 
SJT, retrieval,3,0,8,24,24, mosquito,12,2,1, fall,11,1,0, spin,5.118701, perceptual,1,1.986239, semantic_animated,1,0.8809,29,1, , , , ,682.190717,768.759942,773.883949,777.372373,779.363863,779.877674,780.763916,1, 
SJT, encoding,4,1,0,25,24, printer,12,1,6, ,0,0,4.634033, punch,0, NO,2,0, NO,2,0,0,0,787.56381,794.188192,797.676403,802.315621, , , , , , , , , 
SJT, encoding,4,2,0,26,24, cucumber,8,1,7, ,0,0,5.563675, bump,0, NO,2,0, NO,2,0,0,0,787.56381,803.157956,806.12253,811.691518, , , , , , , , , 
SJT, encoding,4,3,0,27,24, sport t-shirt,15,2,8, ,0,0,5.133831, join,0, NO,2,0, NO,2,0,0,0,787.56381,812.324175,815.768229,820.907421, , , , , , , , , 
SJT, encoding,4,4,0,28,24, duck,3,2,2, ,0,0,6.033031, attach,0, NO,2,0, NO,2,0,0,0,787.56381,822.163309,824.988876,831.027224, , , , , , , , , 
SJT, encoding,4,5,0,29,24, coconut,5,1,5, ,0,0,5.546041, chain,0, NO,2,0, NO,2,0,0,0,787.56381,831.700723,834.939844,840.491123, , , , , , , , , 
SJT, encoding,4,6,0,30,24, horse,9,2,3, ,0,0,4.939672, press,0, NO,2,0, NO,2,0,0,0,787.56381,841.805547,844.906255,849.851023, , , , , , , , , 
SJT, encoding,4,7,0,31,24, mantis,11,2,1, ,0,0,4.446414, destroy,0, NO,2,0, NO,2,0,0,0,787.56381,850.805371,853.59922,858.050943, , , , , , , , , 
SJT, encoding,4,8,0,32,24, cherry,4,2,5, ,0,0,5.372154, balance,0, NO,2,0, NO,2,0,0,0,787.56381,859.703602,862.361362,867.738771, , , , , , , , , 
SJT, retrieval,4,0,1,32,25, coconut,5,1,5, home_stairs_1,16,4,0, chain,2.962969, perceptual,1,1.107608, semantic_animated,1,0.663223,32,1, , , , ,915.267987,917.065907,920.034155,923.521293,924.634209,925.141668,925.810213,1, 
SJT, retrieval,4,0,2,32,26, mantis,11,2,1, foyer,13,4,0, destroy,2.375606, semantic_animated,1,1.655604, perceptual,1,1.232254,32,1, , , , ,915.267987,927.309243,929.690055,933.181159,934.841972,935.356437,936.593924,1, 
SJT, retrieval,4,0,3,32,27, horse,9,2,3, casino,5,3,0, press,6.488387, perceptual,1,5.769482, semantic_animated,1,0.978558,32,1, , , , ,915.267987,938.092336,944.585854,948.075032,953.849735,954.361927,955.345705,1, 
SJT, retrieval,4,0,4,32,28, cherry,4,2,5, rice_terrace,24,1,0, balance,3.6495, semantic_animated,1,2.248987, perceptual,1,1.07087,32,1, , , , ,915.267987,956.987018,960.641697,964.131398,966.385594,966.901488,967.97756,1, 
SJT, retrieval,4,0,5,32,29, duck,3,2,2, bedroom_baby,3,4,0, attach,2.97847, semantic_animated,1,2.661841, perceptual,1,1.345271,32,1, , , , ,915.267987,969.209788,972.193542,975.678379,978.345491,978.858845,980.209449,1, 
SJT, retrieval,4,0,6,32,30, printer,12,1,6, cadena_montaje,3,3,0, punch,6.794154, semantic_animated,1,1.26672, perceptual,0,0.856778,32,1, , , , ,915.267987,981.321905,988.121312,991.609361,992.881264,993.395167,994.257243,1, 
SJT, retrieval,4,0,7,32,31, sport t-shirt,15,2,8, parking_sub,24,3,0, join,3.036731, semantic_animated,1,1.658271, perceptual,1,1.116866,32,1, , , , ,915.267987,995.759204,998.801196,1002.281555,1003.945178,1004.455397,1005.577346,1, 
SJT, retrieval,4,0,8,32,32, cucumber,8,1,7, dune,10,1,0, bump,3.307698, perceptual,1,1.927369, semantic_animated,1,0.800632,32,1, , , , ,915.267987,1006.656165,1009.969035,1013.452396,1015.385047,1015.891105,1016.696979,1, 
SJT, encoding,5,1,0,33,32, toaster,16,1,6, ,0,0,4.954442, move,0, NO,2,0, NO,2,0,0,0,1022.122819,1025.70272,1028.593074,1033.552827, , , , , , , , , 
SJT, encoding,5,2,0,34,32, slipper,13,1,8, ,0,0,3.993774, walk,0, NO,2,0, NO,2,0,0,0,1022.122819,1035.154274,1037.673656,1041.672651, , , , , , , , , 
SJT, encoding,5,3,0,35,32, microphone,10,2,6, ,0,0,3.77706, copy,0, NO,2,0, NO,2,0,0,0,1022.122819,1042.975186,1046.034316,1049.816615, , , , , , , , , 
SJT, encoding,5,4,0,36,32, watermelon,16,1,5, ,0,0,4.149226, drill,0, NO,2,0, NO,2,0,0,0,1022.122819,1050.865196,1053.606055,1057.760444, , , , , , , , , 
SJT, encoding,5,5,0,37,32, bowtie,2,2,8, ,0,0,4.113797, circle,0, NO,2,0, NO,2,0,0,0,1022.122819,1058.562694,1062.049812,1066.168549, , , , , , , , , 
SJT, encoding,5,6,0,38,32, elephant,6,2,3, ,0,0,4.618934, jam,0, NO,2,0, NO,2,0,0,0,1022.122819,1066.85504,1070.272144,1074.896292, , , , , , , , , 
SJT, encoding,5,7,0,39,32, piranha,9,2,4, ,0,0,4.151717, plant,0, NO,2,0, NO,2,0,0,0,1022.122819,1076.101094,1078.787197,1082.944175, , , , , , , , , 
SJT, encoding,5,8,0,40,32, dragonfly,7,2,1, ,0,0,3.968898, knock,0, NO,2,0, NO,2,0,0,0,1022.122819,1083.672678,1087.162027,1091.136068, , , , , , , , , 
SJT, retrieval,5,0,1,40,33, microphone,10,2,6, wardrobe,32,4,0, copy,4.603075, semantic_animated,3,1.942284, perceptual,3,0.774294,30,0.966667, , , , ,1139.072949,1141.975086,1146.58343,1150.075737,1152.023351,1152.540018,1153.319434,0, 
SJT, retrieval,5,0,2,40,34, elephant,6,2,3, retro_living,29,4,0, jam,2.515324, perceptual,1,3.408283, semantic_animated,1,0.785305,30,0.966667, , , , ,1139.072949,1154.806763,1157.327241,1160.817579,1164.23118,1164.736527,1165.52715,1, 
SJT, retrieval,5,0,3,40,35, slipper,13,1,8, desktop_house,10,4,0, walk,2.712177, semantic_animated,1,2.54021, perceptual,1,0.89715,30,0.966667, , , , ,1139.072949,1166.849615,1169.567228,1173.05353,1175.599087,1176.112524,1177.015099,1, 
SJT, retrieval,5,0,4,40,36, watermelon,16,1,5, shpping,30,3,0, drill,1.828997, semantic_animated,1,3.041559, perceptual,1,1.568951,30,0.966667, , , , ,1139.072949,1178.324682,1180.158976,1183.640096,1186.686879,1187.200681,1188.774884,1, 
SJT, retrieval,5,0,5,40,37, piranha,9,2,4, comic_shop,10,3,0, plant,1.867939, perceptual,1,2.731693, semantic_animated,1,0.703236,30,0.966667, , , , ,1139.072949,1190.533706,1192.406832,1195.893801,1198.630781,1199.146432,1199.854781,1, 
SJT, retrieval,5,0,6,40,38, dragonfly,7,2,1, grocery,15,3,0, knock,3.616698, semantic_animated,1,2.737507, perceptual,1,1.251538,30,0.966667, , , , ,1139.072949,1200.624721,1204.246651,1207.727803,1210.470584,1210.981831,1212.23858,1, 
SJT, retrieval,5,0,7,40,39, toaster,16,1,6, luxury_living,26,4,0, move,3.985948, semantic_animated,0,4.156197, perceptual,1,0.864912,30,0.966667, , , , ,1139.072949,1213.207315,1217.198527,1220.684941,1224.846479,1225.352303,1226.222412,1, 
SJT, retrieval,5,0,8,40,40, bowtie,2,2,8, old_bathroom,27,4,0, circle,1.915989, perceptual,1,2.52378, semantic_animated,1,0.745321,30,0.966667, , , , ,1139.072949,1227.797115,1229.718389,1233.197263,1235.72629,1236.231871,1236.982312,1, 
SJT, encoding,6,1,0,41,40, wolf,16,1,3, ,0,0,4.406905, harm,0, NO,2,0, NO,2,0,0,0,1246.256681,1261.295418,1264.769766,1269.181911, , , , , , , , , 
SJT, encoding,6,2,0,42,40, pepper,13,1,7, ,0,0,5.444596, fold,0, NO,2,0, NO,2,0,0,0,1246.256681,1270.653865,1273.8919,1279.341845, , , , , , , , , 
SJT, encoding,6,3,0,43,40, high heels,8,2,8, ,0,0,3.289132, kick,0, NO,2,0, NO,2,0,0,0,1246.256681,1280.079362,1283.22331,1286.517695, , , , , , , , , 
SJT, encoding,6,4,0,44,40, garlic,9,2,7, ,0,0,3.501231, bury,0, NO,2,0, NO,2,0,0,0,1246.256681,1287.249633,1290.267266,1293.773568, , , , , , , , , 
SJT, encoding,6,5,0,45,40, shark,13,2,4, ,0,0,3.687941, clap,0, NO,2,0, NO,2,0,0,0,1246.256681,1294.558386,1297.72826,1301.421481, , , , , , , , , 
SJT, encoding,6,6,0,46,40, pelican,11,1,2, ,0,0,4.162906, revolve,0, NO,2,0, NO,2,0,0,0,1246.256681,1302.628417,1306.061272,1310.229351, , , , , , , , , 
SJT, encoding,6,7,0,47,40, seal,11,1,4, ,0,0,4.225187, rub,0, NO,2,0, NO,2,0,0,0,1246.256681,1311.833462,1314.878828,1319.109243, , , , , , , , , 
SJT, encoding,6,8,0,48,40, flamingo,5,1,2, ,0,0,4.810151, volley,0, NO,2,0, NO,2,0,0,0,1246.256681,1320.238234,1323.55776,1328.373112, , , , , , , , , 
SJT, retrieval,6,0,1,48,41, pepper,13,1,7, Untitled,1,4,0, fold,2.280515, semantic_animated,1,1.697084, perceptual,1,2.524254,30,0.966667, , , , ,1373.561268,1378.774694,1381.060539,1384.550165,1386.2525,1386.763354,1389.292802,1, 
SJT, retrieval,6,0,2,48,42, flamingo,5,1,2, savana,25,1,0, volley,2.324492, perceptual,1,1.772536, semantic_animated,1,1.135647,30,0.966667, , , , ,1373.561268,1390.19458,1392.524396,1396.010535,1397.788282,1398.295337,1399.436304,1, 
SJT, retrieval,6,0,3,48,43, seal,11,1,4, dirty_industrial_area,10,2,0, rub,1.890382, semantic_animated,1,0.999819, perceptual,1,0.5292,30,0.966667, , , , ,1373.561268,1400.188649,1402.084228,1405.575083,1406.580239,1407.086091,1407.620317,1, 
SJT, retrieval,6,0,4,48,44, shark,13,2,4, chernobil,6,2,0, clap,2.903597, perceptual,1,3.154018, semantic_animated,1,1.949439,30,0.966667, , , , ,1373.561268,1408.383218,1411.292177,1414.780795,1417.940067,1418.44939,1420.404061,1, 
SJT, retrieval,6,0,5,48,45, high heels,8,2,8, canyon,4,1,0, kick,1.274873, perceptual,1,1.165989, semantic_animated,1,0.770022,30,0.966667, , , , ,1373.561268,1421.491943,1422.771991,1426.256681,1427.427985,1427.932642,1428.707946,1, 
SJT, retrieval,6,0,6,48,46, garlic,9,2,7, desert_landscape,8,1,0, bury,1.077504, perceptual,1,1.258363, semantic_animated,1,0.711019,30,0.966667, , , , ,1373.561268,1429.769584,1430.851957,1434.340216,1435.603824,1436.111551,1436.82786,1, 
SJT, retrieval,6,0,7,48,47, wolf,16,1,3, natural_night,21,1,0, harm,1.991622, semantic_animated,1,2.187338, perceptual,1,0.576076,30,0.966667, , , , ,1373.561268,1437.895035,1439.891801,1443.379145,1445.571713,1446.078334,1446.65978,1, 
SJT, retrieval,6,0,8,48,48, pelican,11,1,2, fish_market,13,3,0, revolve,2.324127, semantic_animated,1,0.899651, perceptual,1,0.77529,30,0.966667, , , , ,1373.561268,1448.138243,1450.467641,1453.954713,1454.859652,1455.367015,1456.147628,1, 
SJT, encoding,7,1,0,49,48, dolphin,3,2,4, ,0,0,3.659465, push,0, NO,2,0, NO,2,0,0,0,1463.040298,1468.763077,1471.282699,1474.947409, , , , , , , , , 
SJT, encoding,7,2,0,50,48, blowfish,1,1,4, ,0,0,4.237299, blur,0, NO,2,0, NO,2,0,0,0,1463.040298,1475.975031,1479.20077,1483.44328, , , , , , , , , 
SJT, encoding,7,3,0,51,48, ladybug,10,1,1, ,0,0,3.227192, bring,0, NO,2,0, NO,2,0,0,0,1463.040298,1484.944827,1488.114725,1491.347197, , , , , , , , , 
SJT, encoding,7,4,0,52,48, papaya,11,2,5, ,0,0,3.017813, draw,0, NO,2,0, NO,2,0,0,0,1463.040298,1492.129341,1494.980484,1498.003241, , , , , , , , , 
SJT, encoding,7,5,0,53,48, pear,12,2,5, ,0,0,4.630099, tie,0, NO,2,0, NO,2,0,0,0,1463.040298,1499.202757,1501.735553,1506.37102, , , , , , , , , 
SJT, encoding,7,6,0,54,48, hat,7,1,8, ,0,0,3.443179, cut,0, NO,2,0, NO,2,0,0,0,1463.040298,1507.425055,1510.402543,1513.850929, , , , , , , , , 
SJT, encoding,7,7,0,55,48, apple,1,2,5, ,0,0,3.163555, paint,0, NO,2,0, NO,2,0,0,0,1463.040298,1515.010603,1518.250031,1521.418787, , , , , , , , , 
SJT, encoding,7,8,0,56,48, corn,6,1,7, ,0,0,5.349145, connect,0, NO,2,0, NO,2,0,0,0,1463.040298,1522.069871,1525.184319,1530.538638, , , , , , , , , 
SJT, retrieval,7,0,1,56,49, papaya,11,2,5, dirty_bathroom,12,4,0, draw,1.628399, semantic_animated,1,1.381635, perceptual,1,0.911415,29,0.965517, , , , ,1576.128805,1579.224484,1580.858066,1584.351073,1585.738077,1586.245317,1587.161979,1, 
SJT, retrieval,7,0,2,56,50, apple,1,2,5, japanese_temple,15,2,0, paint,1.938247, semantic_animated,1,2.415131, perceptual,1,1.336312,29,0.965517, , , , ,1576.128805,1588.514372,1590.457887,1593.941462,1596.361923,1596.876309,1598.217881,1, 
SJT, retrieval,7,0,3,56,51, blowfish,1,1,4, hairdresser,17,3,0, blur,2.212049, semantic_animated,1,1.154332, perceptual,1,0.719217,29,0.965517, , , , ,1576.128805,1599.240488,1601.45787,1604.946123,1606.105787,1606.621309,1607.345763,1, 
SJT, retrieval,7,0,4,56,52, pear,12,2,5, candy_shop,4,3,0, tie,2.009662, perceptual,1,2.0955, semantic_animated,1,0.679282,29,0.965517, , , , ,1576.128805,1608.514802,1610.529696,1614.012839,1616.113723,1616.629154,1617.313633,1, 
SJT, retrieval,7,0,5,56,53, dolphin,3,2,4, olives,22,1,0, push,4.013176, perceptual,3,1.430054, semantic_animated,0,2.077495,29,0.965517, , , , ,1576.128805,1618.815182,1622.833537,1626.31814,1627.75352,1628.270668,1630.353452,1, 
SJT, retrieval,7,0,6,56,54, ladybug,10,1,1, home_office_2,15,4,0, bring,4.333825, perceptual,0,4.878438, semantic_animated,1,1.151222,29,0.965517, , , , ,1576.128805,1631.534386,1635.873385,1639.357607,1644.24133,1644.756703,1645.913237,1, 
SJT, retrieval,7,0,7,56,55, corn,6,1,7, old_street,19,2,0, connect,3.317093, perceptual,3,1.552487, semantic_animated,0,1.250662,29,0.965517, , , , ,1576.128805,1646.926934,1650.249203,1653.739436,1655.29717,1655.801156,1657.057112,0, 
SJT, retrieval,7,0,8,56,56, hat,7,1,8, strange_field,27,1,0, cut,4.562586, semantic_animated,1,1.799666, perceptual,1,2.327867,29,0.965517, , , , ,1576.128805,1658.665366,1663.23307,1666.724054,1668.529041,1669.035774,1671.369023,1, 
SJT, encoding,8,1,0,57,56, rhinoceros,13,1,3, ,0,0,2.902947, pat,0, NO,2,0, NO,2,0,0,0,1712.713282,1726.994124,1730.395939,1733.304165, , , , , , , , , 
SJT, encoding,8,2,0,58,56, owl,8,1,2, ,0,0,3.636934, swim,0, NO,2,0, NO,2,0,0,0,1712.713282,1734.036458,1736.917943,1740.560087, , , , , , , , , 
SJT, encoding,8,3,0,59,56, seaturtle,12,1,4, ,0,0,2.994234, build,0, NO,2,0, NO,2,0,0,0,1712.713282,1741.774268,1744.73653,1747.736049, , , , , , , , , 
SJT, encoding,8,4,0,60,56, parrot,9,2,2, ,0,0,2.6337, warm,0, NO,2,0, NO,2,0,0,0,1712.713282,1748.903288,1752.072921,1754.711975, , , , , , , , , 
SJT, encoding,8,5,0,61,56, jeans,9,2,8, ,0,0,4.216467, stick,0, NO,2,0, NO,2,0,0,0,1712.713282,1755.671812,1759.050087,1763.271803, , , , , , , , , 
SJT, encoding,8,6,0,62,56, camera,2,1,6, ,0,0,5.065854, melt,0, NO,2,0, NO,2,0,0,0,1712.713282,1763.922329,1766.496541,1771.567779, , , , , , , , , 
SJT, encoding,8,7,0,63,56, butterfly,4,1,1, ,0,0,4.059092, wipe,0, NO,2,0, NO,2,0,0,0,1712.713282,1772.504327,1775.383237,1779.447664, , , , , , , , , 
SJT, encoding,8,8,0,64,56, phone,11,2,6, ,0,0,4.132625, throw,0, NO,2,0, NO,2,0,0,0,1712.713282,1780.685266,1784.117727,1788.255545, , , , , , , , , 
SJT, retrieval,8,0,1,64,57, rhinoceros,13,1,3, cinema,7,3,0, pat,1.482932, semantic_animated,1,1.494386, perceptual,1,1.991264,29,0.965517, , , , ,1834.007587,1836.510741,1837.99894,1841.483294,1842.982879,1843.490379,1845.486825,1, 
SJT, retrieval,8,0,2,64,58, phone,11,2,6, french,11,2,0, throw,4.857686, perceptual,3,0.532216, semantic_animated,1,1.537659,29,0.965517, , , , ,1834.007587,1846.767825,1851.630747,1855.11723,1855.654693,1856.16816,1857.71101,1, 
SJT, retrieval,8,0,3,64,59, owl,8,1,2, toy_room,30,4,0, swim,3.616953, perceptual,0,3.159289, semantic_animated,1,0.801181,29,0.965517, , , , ,1834.007587,1858.800426,1862.422626,1865.914044,1869.078567,1869.584035,1870.390497,1, 
SJT, retrieval,8,0,4,64,60, jeans,9,2,8, temple_indian,27,2,0, stick,3.16455, semantic_animated,1,0.848336, perceptual,1,2.593328,29,0.965517, , , , ,1834.007587,1871.268641,1874.438473,1877.929199,1878.782743,1879.287793,1881.886411,1, 
SJT, retrieval,8,0,5,64,61, seaturtle,12,1,4, kitchen_1,21,4,0, build,1.354063, semantic_animated,1,0.834773, perceptual,0,1.165891,29,0.965517, , , , ,1834.007587,1883.519021,1884.87837,1888.366216,1889.206322,1889.723496,1890.894379,1, 
SJT, retrieval,8,0,6,64,62, butterfly,4,1,1, burned,3,1,0, wipe,3.484748, perceptual,1,1.673661, semantic_animated,1,1.190666,29,0.965517, , , , ,1834.007587,1891.85216,1895.342256,1898.831241,1900.510216,1901.0182,1902.214215,1, 
SJT, retrieval,8,0,7,64,63, camera,2,1,6, storm,26,1,0, melt,2.142204, semantic_animated,1,1.530365, perceptual,1,2.737315,29,0.965517, , , , ,1834.007587,1903.922576,1906.070069,1909.558374,1911.094,1911.607467,1914.349957,1, 
SJT, retrieval,8,0,8,64,64, parrot,9,2,2, city_street,7,2,0, warm,2.125801, semantic_animated,1,0.672928, perceptual,1,0.680366,29,0.965517, , , , ,1834.007587,1915.467001,1917.598039,1921.088317,1921.766288,1922.280286,1922.965892,1, 
SJT, encoding,9,1,0,65,64, mushrooms,11,1,7, ,0,0,3.041375, tear,0, NO,2,0, NO,2,0,0,0,1926.855175,1931.620943,1934.583168,1937.629698, , , , , , , , , 
SJT, encoding,9,2,0,66,64, spider,15,2,1, ,0,0,1.841438, crush,0, NO,2,0, NO,2,0,0,0,1926.855175,1938.945374,1941.974934,1943.816406, , , , , , , , , 
SJT, encoding,9,3,0,67,64, glasses,5,2,8, ,0,0,3.735385, center,0, NO,2,0, NO,2,0,0,0,1926.855175,1945.020527,1947.760913,1951.501494, , , , , , , , , 
SJT, encoding,9,4,0,68,64, dress,3,1,8, ,0,0,3.617396, strike,0, NO,2,0, NO,2,0,0,0,1926.855175,1953.1461,1956.038708,1959.661488, , , , , , , , , 
SJT, encoding,9,5,0,69,64, couliflower,7,2,7, ,0,0,4.600822, expand,0, NO,2,0, NO,2,0,0,0,1926.855175,1961.133043,1963.903267,1968.509345, , , , , , , , , 
SJT, encoding,9,6,0,70,64, satellite dish,15,2,6, ,0,0,3.562587, lift,0, NO,2,0, NO,2,0,0,0,1926.855175,1969.216775,1971.901921,1975.469494, , , , , , , , , 
SJT, encoding,9,7,0,71,64, kiwi,7,2,5, ,0,0,3.203908, fit,0, NO,2,0, NO,2,0,0,0,1926.855175,1976.470273,1979.059937,1982.269187, , , , , , , , , 
SJT, encoding,9,8,0,72,64, sheep,14,1,3, ,0,0,3.303489, jump,0, NO,2,0, NO,2,0,0,0,1926.855175,1983.102539,1986.48038,1989.789097, , , , , , , , , 
SJT, retrieval,9,0,1,72,65, kiwi,7,2,5, vienna,31,2,0, fit,2.711071, semantic_animated,1,1.11634, perceptual,1,0.730922,32,1, , , , ,2035.88753,2037.848028,2040.564456,2044.050741,2045.17245,2045.68421,2046.420371,1, 
SJT, retrieval,9,0,2,72,66, dress,3,1,8, bedroom_girly,5,4,0, strike,1.429527, perceptual,1,1.12189, semantic_animated,1,0.56771,32,1, , , , ,2035.88753,2047.841518,2049.276333,2052.757084,2053.884237,2054.391263,2054.964254,1, 
SJT, retrieval,9,0,3,72,67, glasses,5,2,8, luxury_kitchen,25,4,0, center,1.972247, semantic_animated,1,0.943056, perceptual,1,0.69647,32,1, , , , ,2035.88753,2056.450734,2058.42823,2061.9199,2062.868174,2063.374412,2064.076163,1, 
SJT, retrieval,9,0,4,72,68, mushrooms,11,1,7, bedroom_dirty,4,4,0, tear,3.129312, semantic_animated,1,1.23874, perceptual,1,4.576163,32,1, , , , ,2035.88753,2065.309541,2068.444103,2071.928205,2073.17205,2073.68663,2078.267993,1, 
SJT, retrieval,9,0,5,72,69, couliflower,7,2,7, ruthenburg,24,2,0, expand,1.930711, semantic_animated,1,0.806859, perceptual,1,0.873338,32,1, , , , ,2035.88753,2079.843967,2081.779932,2085.271772,2086.083858,2086.589242,2087.467842,1, 
SJT, retrieval,9,0,6,72,70, spider,15,2,1, chessy_bedroom,6,4,0, crush,1.051238, perceptual,1,1.488424, semantic_animated,1,0.576917,32,1, , , , ,2035.88753,2088.443506,2089.499861,2092.982165,2094.475819,2094.989509,2095.571821,1, 
SJT, retrieval,9,0,7,72,71, satellite dish,15,2,6, kitchen_2,22,4,0, lift,2.723285, perceptual,1,3.122397, semantic_animated,1,1.640825,32,1, , , , ,2035.88753,2096.579162,2099.307751,2102.795976,2105.923611,2106.437636,2108.083608,1, 
SJT, retrieval,9,0,8,72,72, sheep,14,1,3, living_room_2,24,4,0, jump,1.377061, perceptual,1,3.438391, semantic_animated,1,0.67062,32,1, , , , ,2035.88753,2109.037244,2110.419625,2113.911827,2117.355503,2117.871564,2118.547492,1, 
SJT, encoding,10,1,0,73,72, aubergine,3,2,7, ,0,0,2.771397, swing,0, NO,2,0, NO,2,0,0,0,2124.797522,2152.045137,2154.802364,2157.579074, , , , , , , , , 
SJT, encoding,10,2,0,74,72, bison,3,1,3, ,0,0,3.702859, stroke,0, NO,2,0, NO,2,0,0,0,2124.797522,2158.416631,2161.374855,2165.082902, , , , , , , , , 
SJT, encoding,10,3,0,75,72, handmixer,7,2,6, ,0,0,3.81684, scratch,0, NO,2,0, NO,2,0,0,0,2124.797522,2165.818209,2168.628746,2172.45081, , , , , , , , , 
SJT, encoding,10,4,0,76,72, shrimp,14,2,4, ,0,0,3.998739, flash,0, NO,2,0, NO,2,0,0,0,2124.797522,2173.418258,2176.742675,2180.746682, , , , , , , , , 
SJT, encoding,10,5,0,77,72, melon,9,1,5, ,0,0,3.599297, compare,0, NO,2,0, NO,2,0,0,0,2124.797522,2182.124732,2185.142027,2188.74662, , , , , , , , , 
SJT, encoding,10,6,0,78,72, potato,14,1,7, ,0,0,5.191754, forge,0, NO,2,0, NO,2,0,0,0,2124.797522,2189.447355,2192.893735,2198.090527, , , , , , , , , 
SJT, encoding,10,7,0,79,72, penguin,12,1,2, ,0,0,4.108064, shift,0, NO,2,0, NO,2,0,0,0,2124.797522,2199.150713,2201.905033,2206.018485, , , , , , , , , 
SJT, encoding,10,8,0,80,72, kangaroo,10,1,3, ,0,0,5.461773, lay,0, NO,2,0, NO,2,0,0,0,2124.797522,2206.722442,2209.255239,2214.722326, , , , , , , , , 
SJT, retrieval,10,0,1,80,73, bison,3,1,3, houses,13,2,0, stroke,1.742259, perceptual,1,2.442536, semantic_animated,1,0.521103,30,0.966667, , , , ,2260.75458,2263.406229,2265.153696,2268.641903,2271.089635,2271.603301,2272.129602,1, 
SJT, retrieval,10,0,2,80,74, melon,9,1,5, classroom,8,3,0, compare,1.947707, perceptual,1,0.703093, semantic_animated,1,1.109822,30,0.966667, , , , ,2260.75458,2273.192533,2275.145513,2278.637223,2279.345509,2279.854445,2280.969583,1, 
SJT, retrieval,10,0,3,80,75, handmixer,7,2,6, shooting_room,29,3,0, scratch,1.873327, semantic_animated,1,1.069599, perceptual,1,0.825136,30,0.966667, , , , ,2260.75458,2282.634875,2284.513422,2288.006516,2289.081361,2289.587032,2290.417378,1, 
SJT, retrieval,10,0,4,80,76, aubergine,3,2,7, rainforest,23,1,0, swing,2.099918, perceptual,1,1.88879, semantic_animated,1,0.726866,30,0.966667, , , , ,2260.75458,2292.184176,2294.289351,2297.779178,2299.673308,2300.189084,2300.921253,1, 
SJT, retrieval,10,0,5,80,77, potato,14,1,7, beach,2,1,0, forge,1.511649, perceptual,1,4.31913, semantic_animated,1,0.85545,30,0.966667, , , , ,2260.75458,2302.676649,2304.19336,2307.67677,2312.001106,2312.508339,2313.369101,1, 
SJT, retrieval,10,0,6,80,78, penguin,12,1,2, venecia,30,2,0, shift,1.69699, semantic_animated,1,1.225732, perceptual,0,2.59973,30,0.966667, , , , ,2260.75458,2314.91482,2316.617044,2320.106032,2321.336979,2321.851994,2324.456992,1, 
SJT, retrieval,10,0,7,80,79, kangaroo,10,1,3, cherry_field,5,1,0, lay,3.213528, perceptual,1,3.817143, semantic_animated,1,0.873203,30,0.966667, , , , ,2260.75458,2325.862467,2329.081077,2332.562813,2336.384958,2336.898337,2337.776767,1, 
SJT, retrieval,10,0,8,80,80, shrimp,14,2,4, rome_skyline,21,2,0, flash,3.045339, perceptual,1,1.421041, semantic_animated,0,1.986236,30,0.966667, , , , ,2260.75458,2338.694105,2341.744685,2345.230372,2346.656754,2347.169131,2349.160845,1, 
SJT, encoding,11,1,0,81,80, sock02,14,2,8, ,0,0,3.776086, mount,0, NO,2,0, NO,2,0,0,0,2354.274536,2361.838489,2364.427109,2368.208474, , , , , , , , , 
SJT, encoding,11,2,0,82,80, pigeon,13,2,2, ,0,0,3.188521, grab,0, NO,2,0, NO,2,0,0,0,2354.274536,2369.31325,2371.846515,2375.040434, , , , , , , , , 
SJT, encoding,11,3,0,83,80, octopus,8,2,4, ,0,0,4.193103, glide,0, NO,2,0, NO,2,0,0,0,2354.274536,2376.746682,2379.321897,2383.520329, , , , , , , , , 
SJT, encoding,11,4,0,84,80, calculator,1,2,6, ,0,0,3.573909, reduce,0, NO,2,0, NO,2,0,0,0,2354.274536,2384.955487,2387.76499,2391.344168, , , , , , , , , 
SJT, encoding,11,5,0,85,80, lemon,8,2,5, ,0,0,4.126297, combine,0, NO,2,0, NO,2,0,0,0,2354.274536,2392.250443,2395.004631,2399.136099, , , , , , , , , 
SJT, encoding,11,6,0,86,80, squirrel,15,2,3, ,0,0,4.294042, include,0, NO,2,0, NO,2,0,0,0,2354.274536,2400.638795,2403.780616,2408.079978, , , , , , , , , 
SJT, encoding,11,7,0,87,80, apricot,2,1,5, ,0,0,3.401631, divide,0, NO,2,0, NO,2,0,0,0,2354.274536,2409.414802,2412.528867,2415.935852, , , , , , , , , 
SJT, encoding,11,8,0,88,80, scorpion,13,2,1, ,0,0,4.727378, fade,0, NO,2,0, NO,2,0,0,0,2354.274536,2417.498778,2420.059085,2424.791742, , , , , , , , , 
SJT, retrieval,11,0,1,88,81, scorpion,13,2,1, barcelona,3,2,0, fade,2.569215, semantic_animated,1,1.343725, perceptual,1,0.872363,29,1, , , , ,2469.090278,2471.704636,2474.279145,2477.770062,2479.119077,2479.62535,2480.503083,1, 
SJT, retrieval,11,0,2,88,82, calculator,1,2,6, roundabout,23,2,0, reduce,1.681289, semantic_animated,1,1.366382, perceptual,1,0.60236,29,1, , , , ,2469.090278,2481.712557,2483.39901,2486.891293,2488.263014,2488.775263,2489.382923,1, 
SJT, retrieval,11,0,3,88,83, octopus,8,2,4, two_bed,31,4,0, glide,2.41008, perceptual,1,1.535163, semantic_animated,1,0.837628,29,1, , , , ,2469.090278,2490.751624,2493.16688,2496.650337,2498.190862,2498.699905,2499.542825,1, 
SJT, retrieval,11,0,4,88,84, apricot,2,1,5, baby_room,2,4,0, divide,1.932279, perceptual,1,1.000008, semantic_animated,1,1.449772,29,1, , , , ,2469.090278,2500.773199,2502.710848,2506.20175,2507.206736,2507.71166,2509.166693,1, 
SJT, retrieval,11,0,5,88,85, squirrel,15,2,3, town_riff,28,2,0, include,1.774768, semantic_animated,0,4.462606, perceptual,1,1.454642,29,1, , , , ,2469.090278,2510.314591,2512.094658,2515.586661,2520.05461,2520.570607,2522.030579,1, 
SJT, retrieval,11,0,6,88,86, lemon,8,2,5, buddish_temple,2,3,0, combine,2.476702, perceptual,1,1.888841, semantic_animated,1,1.008188,29,1, , , , ,2469.090278,2523.700607,2526.182472,2529.6643,2531.558406,2532.072958,2533.086378,1, 
SJT, retrieval,11,0,7,88,87, sock02,14,2,8, laundry,19,3,0, mount,1.572755, semantic_animated,1,1.025986, perceptual,1,0.968686,29,1, , , , ,2469.090278,2533.996362,2535.57443,2539.063014,2540.094365,2540.600372,2541.574301,1, 
SJT, retrieval,11,0,8,88,88, pigeon,13,2,2, dif_river,9,1,0, grab,3.493481, semantic_animated,1,1.959531, perceptual,1,0.649413,29,1, , , , ,2469.090278,2542.427471,2545.926234,2549.41755,2551.382164,2551.895569,2552.550156,1, 
SJT, encoding,12,1,0,89,88, remote control,14,1,6, ,0,0,3.250698, catapult,0, NO,2,0, NO,2,0,0,0,2558.530445,2569.237182,2572.15799,2575.413895, , , , , , , , , 
SJT, encoding,12,2,0,90,88, grapes,6,2,5, ,0,0,3.096279, fall,0, NO,2,0, NO,2,0,0,0,2558.530445,2576.504438,2579.328233,2582.42985, , , , , , , , , 
SJT, encoding,12,3,0,91,88, starfish,15,1,4, ,0,0,3.254633, pull,0, NO,2,0, NO,2,0,0,0,2558.530445,2584.103767,2587.425979,2590.685775, , , , , , , , , 
SJT, encoding,12,4,0,92,88, pullover,10,1,8, ,0,0,3.018292, arrange,0, NO,2,0, NO,2,0,0,0,2558.530445,2592.243482,2594.79005,2597.813688, , , , , , , , , 
SJT, encoding,12,5,0,93,88, toucan,14,1,2, ,0,0,3.319231, agitate,0, NO,2,0, NO,2,0,0,0,2558.530445,2599.109125,2601.905016,2605.229549, , , , , , , , , 
SJT, encoding,12,6,0,94,88, colibri,2,2,2, ,0,0,3.80597, locate,0, NO,2,0, NO,2,0,0,0,2558.530445,2605.947295,2609.338272,2613.14946, , , , , , , , , 
SJT, encoding,12,7,0,95,88, bear,2,2,3, ,0,0,4.026335, polish,0, NO,2,0, NO,2,0,0,0,2558.530445,2614.349644,2617.629794,2621.661308, , , , , , , , , 
SJT, encoding,12,8,0,96,88, mantaray,7,1,4, ,0,0,3.959114, explode,0, NO,2,0, NO,2,0,0,0,2558.530445,2622.696471,2625.25687,2629.221233, , , , , , , , , 
SJT, retrieval,12,0,1,96,89, toucan,14,1,2, iceberg,16,1,0, agitate,3.814449, perceptual,0,1.886684, semantic_animated,1,0.845648,30,0.933333, , , , ,2674.893199,2677.552897,2681.372664,2684.865031,2686.756917,2687.27362,2688.124488,1, 
SJT, retrieval,12,0,2,96,90, pullover,10,1,8, volcano,30,1,0, arrange,2.110155, semantic_animated,1,1.166193, perceptual,1,0.785657,30,0.933333, , , , ,2674.893199,2689.153023,2691.268493,2694.761035,2695.932407,2696.437431,2697.22843,1, 
SJT, retrieval,12,0,3,96,91, colibri,2,2,2, costarica,9,2,0, locate,2.424935, perceptual,1,1.295848, semantic_animated,1,0.666613,30,0.933333, , , , ,2674.893199,2698.510133,2700.94029,2704.423139,2705.724322,2706.236361,2706.908312,1, 
SJT, retrieval,12,0,4,96,92, remote control,14,1,6, cool_room,8,4,0, catapult,1.646573, perceptual,1,1.244774, semantic_animated,1,0.703055,30,0.933333, , , , ,2674.893199,2708.656472,2710.308222,2713.794127,2715.044241,2715.552238,2716.260221,1, 
SJT, retrieval,12,0,5,96,93, bear,2,2,3, field,12,1,0, polish,1.493508, perceptual,1,1.331942, semantic_animated,1,0.633428,30,0.933333, , , , ,2674.893199,2717.529387,2719.028115,2722.514882,2723.852098,2724.357291,2724.996098,1, 
SJT, retrieval,12,0,6,96,94, starfish,15,1,4, flowers,13,1,0, pull,1.32757, semantic_animated,1,0.964183, perceptual,1,1.402307,30,0.933333, , , , ,2674.893199,2726.111615,2727.444209,2730.930549,2731.899956,2732.412376,2733.820046,1, 
SJT, retrieval,12,0,7,96,95, grapes,6,2,5, corridor_home,9,4,0, fall,2.720332, perceptual,1,1.520948, semantic_animated,1,1.909681,30,0.933333, , , , ,2674.893199,2734.958387,2737.68393,2741.174041,2742.700013,2743.208919,2745.12382,1, 
SJT, retrieval,12,0,8,96,96, mantaray,7,1,4, kid_bedroom_pink,20,4,0, explode,1.851213, semantic_animated,1,1.066114, perceptual,1,0.895465,30,0.933333, , , , ,2674.893199,2746.667289,2748.523778,2752.012269,2753.083831,2753.590991,2754.491728,1, 
SJT, encoding,13,1,0,97,96, pineapple,13,2,5, ,0,0,5.179726, inject,0, NO,2,0, NO,2,0,0,0,2759.274146,2770.116088,2773.258369,2778.443442, , , , , , , , , 
SJT, encoding,13,2,0,98,96, camel,5,2,3, ,0,0,3.907496, splash,0, NO,2,0, NO,2,0,0,0,2759.274146,2780.027268,2783.114561,2787.02726, , , , , , , , , 
SJT, encoding,13,3,0,99,96, football sneaker,4,1,8, ,0,0,3.471266, hop,0, NO,2,0, NO,2,0,0,0,2759.274146,2788.128178,2790.782673,2794.259229, , , , , , , , , 
SJT, encoding,13,4,0,100,96, computer mouse,4,2,6, ,0,0,3.337404, clean,0, NO,2,0, NO,2,0,0,0,2759.274146,2795.435284,2798.132863,2801.475535, , , , , , , , , 
SJT, encoding,13,5,0,101,96, beetle,2,1,1, ,0,0,3.133484, discover,0, NO,2,0, NO,2,0,0,0,2759.274146,2802.868112,2805.912259,2809.051071, , , , , , , , , 
SJT, encoding,13,6,0,102,96, jellyfish,5,1,4, ,0,0,3.516931, assemble,0, NO,2,0, NO,2,0,0,0,2759.274146,2810.303455,2813.208814,2816.730942, , , , , , , , , 
SJT, encoding,13,7,0,103,96, artichoke,1,2,7, ,0,0,3.457803, hammer,0, NO,2,0, NO,2,0,0,0,2759.274146,2817.484865,2820.003746,2823.466814, , , , , , , , , 
SJT, encoding,13,8,0,104,96, bull,4,1,3, ,0,0,4.355091, remove,0, NO,2,0, NO,2,0,0,0,2759.274146,2824.516713,2827.810785,2832.170816, , , , , , , , , 
SJT, retrieval,13,0,1,104,97, pineapple,13,2,5, alpine,1,1,0, inject,1.915904, perceptual,1,1.759502, semantic_animated,1,0.713044,33,0.878788, , , , ,2876.524726,2878.297034,2880.218162,2883.709347,2885.474155,2885.979772,2886.698053,1, 
SJT, retrieval,13,0,2,104,98, football sneaker,4,1,8, art_gallery,1,3,0, hop,3.662961, semantic_animated,1,1.648216, perceptual,1,0.632524,33,0.878788, , , , ,2876.524726,2887.733795,2891.402017,2894.892547,2896.546012,2897.052159,2897.689963,1, 
SJT, retrieval,13,0,3,104,99, computer mouse,4,2,6, wetlands,32,1,0, clean,3.649072, semantic_animated,3,3.736192, perceptual,1,2.526225,33,0.878788, , , , ,2876.524726,2898.987605,2902.641877,2906.132392,2909.87379,2910.382272,2912.913765,1, 
SJT, retrieval,13,0,4,104,100, artichoke,1,2,7, paris_metro,23,3,0, hammer,1.771814, semantic_animated,1,3.253977, perceptual,1,0.688162,33,0.878788, , , , ,2876.524726,2914.352594,2916.129778,2919.614433,2922.873659,2923.380167,2924.073632,1, 
SJT, retrieval,13,0,5,104,101, jellyfish,5,1,4, library,20,3,0, assemble,3.133266, semantic_animated,3,2.206837, perceptual,0,1.511869,33,0.878788, , , , ,2876.524726,2925.719002,2928.857503,2932.349415,2934.561575,2935.076948,2936.593989,0, 
SJT, retrieval,13,0,6,104,102, camel,5,2,3, kid_bedroom,19,4,0, splash,2.07837, semantic_animated,1,1.207995, perceptual,1,1.905218,33,0.878788, , , , ,2876.524726,2937.413776,2939.497516,2942.980063,2944.193362,2944.698877,2946.609394,1, 
SJT, retrieval,13,0,7,104,103, beetle,2,1,1, living_room,23,4,0, discover,5.298107, semantic_animated,0,6.194381, perceptual,1,1.768279,33,0.878788, , , , ,2876.524726,2948.113884,2953.417207,2956.905508,2963.105152,2963.619517,2965.393191,0, 
SJT, retrieval,13,0,8,104,104, bull,4,1,3, parlamento_europeo,25,3,0, remove,3.332918, semantic_animated,1,1.026674, perceptual,1,0.610071,33,0.878788, , , , ,2876.524726,2966.814871,2970.153031,2973.64109,2974.67297,2975.177596,2975.793025,1, 
SJT, encoding,14,1,0,105,104, eel,4,2,4, ,0,0,2.488855, hold,0, NO,2,0, NO,2,0,0,0,2980.900036,2992.078454,2995.066551,2997.560675, , , , , , , , , 
SJT, encoding,14,2,0,106,104, grasshopper,9,1,1, ,0,0,3.971612, dance,0, NO,2,0, NO,2,0,0,0,2980.900036,2998.309841,3001.255741,3005.232556, , , , , , , , , 
SJT, encoding,14,3,0,107,104, coffee maker,3,1,6, ,0,0,5.239808, cover,0, NO,2,0, NO,2,0,0,0,2980.900036,3006.099169,3008.867544,3014.112521, , , , , , , , , 
SJT, encoding,14,4,0,108,104, ostrich,7,1,2, ,0,0,4.127629, drop,0, NO,2,0, NO,2,0,0,0,2980.900036,3015.15415,3018.003493,3022.136405, , , , , , , , , 
SJT, encoding,14,5,0,109,104, strawberry,15,1,5, ,0,0,3.973374, hit,0, NO,2,0, NO,2,0,0,0,2980.900036,3023.221973,3026.253863,3030.232365, , , , , , , , , 
SJT, encoding,14,6,0,110,104, scarf,11,2,8, ,0,0,3.607357, browse,0, NO,2,0, NO,2,0,0,0,2980.900036,3031.721149,3035.195569,3038.808203, , , , , , , , , 
SJT, encoding,14,7,0,111,104, asparagus,2,2,7, ,0,0,3.600714, smooth,0, NO,2,0, NO,2,0,0,0,2980.900036,3039.94364,3043.210178,3046.816118, , , , , , , , , 
SJT, encoding,14,8,0,112,104, keyboard,8,1,6, ,0,0,3.736564, multiply,0, NO,2,0, NO,2,0,0,0,2980.900036,3047.614223,3051.114195,3054.856016, , , , , , , , , 
SJT, retrieval,14,0,1,112,105, asparagus,2,2,7, clean_bath,7,4,0, smooth,2.79287, perceptual,1,0.821215, semantic_animated,1,0.902542,30,1, , , , ,3100.458622,3103.497343,3106.295412,3109.780849,3110.607415,3111.123847,3112.031399,1, 
SJT, retrieval,14,0,2,112,106, strawberry,15,1,5, myst,20,1,0, hit,3.944614, semantic_animated,1,2.180789, perceptual,1,0.601412,30,1, , , , ,3100.458622,3112.961402,3116.911259,3120.397177,3122.583391,3123.096609,3123.703168,1, 
SJT, retrieval,14,0,3,112,107, grasshopper,9,1,1, corridor_home,8,2,0, dance,1.229953, perceptual,1,1.413478, semantic_animated,1,0.929439,30,1, , , , ,3100.458622,3125.283876,3126.51923,3130.004328,3131.423144,3131.92865,3132.863176,1, 
SJT, retrieval,14,0,4,112,108, scarf,11,2,8, lake_,18,1,0, browse,1.204812, semantic_animated,1,1.375323, perceptual,1,2.039071,30,1, , , , ,3100.458622,3134.197012,3135.407023,3138.890402,3140.271053,3140.786693,3142.830949,1, 
SJT, retrieval,14,0,5,112,109, keyboard,8,1,6, disco,11,3,0, multiply,1.368162, semantic_animated,1,1.218884, perceptual,1,0.488331,30,1, , , , ,3100.458622,3144.369473,3145.742923,3149.230749,3150.454918,3150.961194,3151.454839,1, 
SJT, retrieval,14,0,6,112,110, ostrich,7,1,2, home_office,14,4,0, drop,2.516313, semantic_animated,1,3.585875, perceptual,1,1.457415,30,1, , , , ,3100.458622,3153.173178,3155.694784,3159.183532,3162.774712,3163.279943,3164.742739,1, 
SJT, retrieval,14,0,7,112,111, eel,4,2,4, pharmacy,26,3,0, hold,3.485654, perceptual,3,2.859748, semantic_animated,3,0.777741,30,1, , , , ,3100.458622,3166.379674,3169.870622,3173.357693,3176.222595,3176.735552,3177.518508,1, 
SJT, retrieval,14,0,8,112,112, coffee maker,3,1,6, highland,15,1,0, cover,1.823522, perceptual,1,4.177834, semantic_animated,1,0.669127,30,1, , , , ,3100.458622,3178.753669,3180.582622,3184.071252,3188.254451,3188.763907,3189.438359,1, 
SJT, encoding,15,1,0,113,112, orange,10,1,5, ,0,0,4.393272, wrap,0, NO,2,0, NO,2,0,0,0,3193.552233,3202.659327,3205.967664,3210.366141, , , , , , , , , 
SJT, encoding,15,2,0,114,112, turkey,15,2,2, ,0,0,3.047837, shake,0, NO,2,0, NO,2,0,0,0,3193.552233,3211.615232,3214.632903,3217.686038, , , , , , , , , 
SJT, encoding,15,3,0,115,112, tomato,16,1,7, ,0,0,2.325233, chop,0, NO,2,0, NO,2,0,0,0,3193.552233,3218.675653,3221.595496,3223.925908, , , , , , , , , 
SJT, encoding,15,4,0,116,112, antelope,1,2,3, ,0,0,3.525839, cross,0, NO,2,0, NO,2,0,0,0,3193.552233,3225.526697,3228.682743,3232.213839, , , , , , , , , 
SJT, encoding,15,5,0,117,112, belt,1,1,8, ,0,0,3.854516, bounce,0, NO,2,0, NO,2,0,0,0,3193.552233,3233.478427,3236.354042,3240.213715, , , , , , , , , 
SJT, encoding,15,6,0,118,112, worm,16,2,1, ,0,0,3.75313, break,0, NO,2,0, NO,2,0,0,0,3193.552233,3241.880028,3245.279686,3249.037706, , , , , , , , , 
SJT, encoding,15,7,0,119,112, hen,6,1,2, ,0,0,2.588694, wash,0, NO,2,0, NO,2,0,0,0,3193.552233,3250.159301,3253.003622,3255.597504, , , , , , , , , 
SJT, encoding,15,8,0,120,112, pumpkin,15,1,7, ,0,0,3.395655, stamp,0, NO,2,0, NO,2,0,0,0,3193.552233,3256.934804,3259.772517,3263.173403, , , , , , , , , 
SJT, retrieval,15,0,1,120,113, orange,10,1,5, brooklyn,4,2,0, wrap,6.834511, semantic_animated,0,5.137044, perceptual,0,1.152908,31,1, , , , ,3308.900002,3310.269058,3317.108819,3320.598418,3325.740738,3326.246549,3327.404666,1, 
SJT, retrieval,15,0,2,120,114, hen,6,1,2, firing_room,12,3,0, wash,1.596986, perceptual,1,1.352094, semantic_animated,1,0.627245,31,1, , , , ,3308.900002,3328.530434,3330.132655,3333.623272,3334.980746,3335.492095,3336.124575,1, 
SJT, retrieval,15,0,3,120,115, antelope,1,2,3, vault_bank,32,3,0, cross,4.46943, semantic_animated,1,0.83639, perceptual,1,0.511093,31,1, , , , ,3308.900002,3337.233823,3341.708537,3345.194937,3346.036499,3346.55203,3347.068447,1, 
SJT, retrieval,15,0,4,120,116, pumpkin,15,1,7, operating_room,22,3,0, stamp,2.282444, perceptual,1,1.164516, semantic_animated,1,0.744944,31,1, , , , ,3308.900002,3348.556729,3350.844408,3354.330713,3355.500456,3356.006266,3356.756331,1, 
SJT, retrieval,15,0,5,120,117, worm,16,2,1, cliff,6,1,0, break,3.574393, perceptual,1,1.400728, semantic_animated,1,0.569276,31,1, , , , ,3308.900002,3357.872666,3361.452347,3364.934261,3366.340229,3366.845636,3367.420195,1, 
SJT, retrieval,15,0,6,120,118, tomato,16,1,7, nice_port,18,2,0, chop,1.174811, semantic_animated,1,1.091774, perceptual,1,0.661828,31,1, , , , ,3308.900002,3368.96025,3370.140173,3373.627126,3374.724118,3375.23298,3375.900091,1, 
SJT, retrieval,15,0,7,120,119, turkey,15,2,2, prison,27,3,0, shake,1.653843, semantic_animated,1,1.014326, perceptual,1,0.578251,31,1, , , , ,3308.900002,3377.321058,3378.980061,3382.472419,3383.492002,3383.99641,3384.580048,1, 
SJT, retrieval,15,0,8,120,120, belt,1,1,8, industry_texas,14,2,0, bounce,2.681837, perceptual,1,1.860273, semantic_animated,1,0.567655,31,1, , , , ,3308.900002,3386.1409,3388.827966,3392.314348,3394.179882,3394.694975,3395.267899,1, 
SJT, encoding,16,1,0,121,120, shirt,12,2,8, ,0,0,3.463959, whirl,0, NO,2,0, NO,2,0,0,0,3399.755444,3408.216967,3410.750339,3414.219661, , , , , , , , , 
SJT, encoding,16,2,0,122,120, killer whale,6,1,4, ,0,0,3.103872, smash,0, NO,2,0, NO,2,0,0,0,3399.755444,3414.959966,3418.086479,3421.195462, , , , , , , , , 
SJT, encoding,16,3,0,123,120, ant,1,1,1, ,0,0,2.757023, identify,0, NO,2,0, NO,2,0,0,0,3399.755444,3421.893141,3425.049186,3427.811478, , , , , , , , , 
SJT, encoding,16,4,0,124,120, gamepad,5,1,6, ,0,0,5.195009, merge,0, NO,2,0, NO,2,0,0,0,3399.755444,3429.11914,3432.427049,3437.627293, , , , , , , , , 
SJT, encoding,16,5,0,125,120, snail,14,2,1, ,0,0,3.841629, twitch,0, NO,2,0, NO,2,0,0,0,3399.755444,3438.34123,3441.092386,3444.93928, , , , , , , , , 
SJT, encoding,16,6,0,126,120, vulture,16,2,2, ,0,0,5.205292, deposit,0, NO,2,0, NO,2,0,0,0,3399.755444,3445.758448,3448.608666,3453.819103, , , , , , , , , 
SJT, encoding,16,7,0,127,120, swordfish,16,2,4, ,0,0,2.713025, hide,0, NO,2,0, NO,2,0,0,0,3399.755444,3454.616478,3457.716903,3460.43506, , , , , , , , , 
SJT, encoding,16,8,0,128,120, cockroach,6,1,1, ,0,0,3.807015, match,0, NO,2,0, NO,2,0,0,0,3399.755444,3461.454639,3464.79078,3468.602891, , , , , , , , , 
SJT, retrieval,16,0,1,128,121, snail,14,2,1, coffee_shop,9,3,0, twitch,1.025018, perceptual,1,0.807327, semantic_animated,1,0.671986,31,1, , , , ,3513.860106,3516.204074,3517.234352,3520.71767,3521.530381,3522.045035,3522.722255,1, 
SJT, retrieval,16,0,2,128,122, ant,1,1,1, greenhouse,14,3,0, identify,4.306804, perceptual,1,2.207462, semantic_animated,0,1.248254,31,1, , , , ,3513.860106,3524.298259,3528.610261,3532.093439,3534.30614,3534.82063,3536.074128,0, 
SJT, retrieval,16,0,3,128,123, swordfish,16,2,4, torcal,29,1,0, hide,5.742432, perceptual,1,1.411496, semantic_animated,1,1.183116,31,1, , , , ,3513.860106,3537.614439,3543.362075,3546.849215,3548.266017,3548.773762,3549.961992,1, 
SJT, retrieval,16,0,4,128,124, gamepad,5,1,6, amsterdam,2,2,0, merge,2.13518, semantic_animated,1,2.025381, perceptual,1,0.570071,31,1, , , , ,3513.860106,3551.221488,3553.361885,3556.843304,3558.873843,3559.378495,3559.953837,1, 
SJT, retrieval,16,0,5,128,125, shirt,12,2,8, airport,1,2,0, whirl,1.637499, perceptual,1,0.897738, semantic_animated,1,0.870147,31,1, , , , ,3513.860106,3561.063237,3562.705794,3566.186843,3567.089818,3567.598426,3568.473759,1, 
SJT, retrieval,16,0,6,128,126, vulture,16,2,2, japanese_living,18,4,0, deposit,1.491393, semantic_animated,1,3.625977, perceptual,1,0.655282,31,1, , , , ,3513.860106,3569.673122,3571.169722,3574.658392,3578.289621,3578.797144,3579.457619,1, 
SJT, retrieval,16,0,7,128,127, cockroach,6,1,1, inside_forest,17,1,0, match,1.279792, semantic_animated,1,1.286414, perceptual,1,2.638515,31,1, , , , ,3513.860106,3580.788525,3582.073556,3585.565927,3586.857572,3587.365716,3590.009502,1, 
SJT, retrieval,16,0,8,128,128, killer whale,6,1,4, uni_londo,29,2,0, smash,5.094712, perceptual,0,1.120283, semantic_animated,1,0.822863,31,1, , , , ,3513.860106,3591.573579,3596.673504,3600.155857,3601.281347,3601.789366,3602.617336,1, 
SJT, , , , , , , , , , , , , , , , , , , , , , , , , , , , , , , ,3605.928809,,,,,
