subID, block_state, block_number, trial_encoding, trial_retrieval, trial_total_enc, trial_total_ret, object_name, object_number, object_percep, object_category, context_name, context_number, context_category, RT_encoding, cue_retrieval, RT_reinstatement, catch_trial_type, acc_catch, RT_catch_trial, total_responses_distractor, accuracy_distractor, OnsetEncodingBlockStart, WordOnsetEncoding, ObjectContextOnset, ResponseEncodingOnset, OnsetRetrievalBlockStart, CueRetrievalOnset, ResponseRetrievalOnset, CatchTrialOnset, ResponseCatchOnset, episode_remembered, OnsetEnd
NG, encoding,1,1,0,1,0, beetle,2,1,1, ,0,0,3.301356, jam,0, NO,2,0,0,0,57.423159,62.008636,65.458547,68.766332, , , , , , , 
NG, encoding,1,2,0,2,0, watermelon,16,2,5, ,0,0,4.848042, lift,0, NO,2,0,0,0,57.423159,69.925241,73.391773,78.245494, , , , , , , 
NG, encoding,1,3,0,3,0, ladybug,10,2,1, ,0,0,3.627496, revolve,0, NO,2,0,0,0,57.423159,79.141841,82.108269,85.741135, , , , , , , 
NG, encoding,1,4,0,4,0, pullover,10,2,8, ,0,0,4.635656, divide,0, NO,2,0,0,0,57.423159,87.008124,90.508148,95.149389, , , , , , , 
NG, encoding,1,5,0,5,0, pelican,11,2,2, ,0,0,4.826372, destroy,0, NO,2,0,0,0,57.423159,96.557943,99.941294,104.773009, , , , , , , 
NG, encoding,1,6,0,6,0, rhinoceros,13,2,3, ,0,0,5.585254, flash,0, NO,2,0,0,0,57.423159,106.17457,108.974349,114.564984, , , , , , , 
NG, encoding,1,7,0,7,0, snail,14,1,1, ,0,0,4.02658, decorate,0, NO,2,0,0,0,57.423159,115.207669,118.141012,122.17284, , , , , , , 
NG, encoding,1,8,0,8,0, belt,1,2,8, ,0,0,4.402109, scratch,0, NO,2,0,0,0,57.423159,123.340863,126.757368,131.164812, , , , , , , 
NG, retrieval,1,0,1,8,1, belt,1,2,8, storm,26,1,0, scratch,2.361447, semantic_animated,1,1.541503,33,1, , , , ,178.626704,182.589716,184.957546,188.489604,190.037279,1, 
NG, retrieval,1,0,2,8,2, snail,14,1,1, old_street,19,2,0, decorate,1.790201, semantic_animated,1,1.841647,33,1, , , , ,178.626704,191.272897,193.068607,196.589415,198.43668,1, 
NG, retrieval,1,0,3,8,3, pullover,10,2,8, foyer,13,4,0, divide,4.500311, perceptual,1,1.715167,33,1, , , , ,178.626704,199.322727,203.828438,207.355815,209.076335,1, 
NG, retrieval,1,0,4,8,4, ladybug,10,2,1, corridor_home,9,4,0, revolve,2.606548, perceptual,1,2.753191,33,1, , , , ,178.626704,210.672406,213.28425,216.805731,219.564306,1, 
NG, retrieval,1,0,5,8,5, pelican,11,2,2, chessy_bedroom,6,4,0, destroy,2.385369, perceptual,0,1.516786,33,1, , , , ,178.626704,221.20552,223.596286,227.122127,228.644221,1, 
NG, retrieval,1,0,6,8,6, rhinoceros,13,2,3, dirty_bathroom,12,4,0, flash,1.132807, perceptual,1,0.794135,33,1, , , , ,178.626704,229.722031,230.860194,234.388738,235.188226,1, 
NG, retrieval,1,0,7,8,7, watermelon,16,2,5, retro_living,29,4,0, lift,1.062307, semantic_animated,1,0.9502,33,1, , , , ,178.626704,236.488584,237.556132,241.088587,242.044107,1, 
NG, retrieval,1,0,8,8,8, beetle,2,1,1, disco,11,3,0, jam,2.743586, perceptual,0,2.972287,33,1, , , , ,178.626704,243.055164,245.804115,249.338427,252.316068,1, 
NG, encoding,2,1,0,9,8, artichoke,1,2,7, ,0,0,4.002172, squeeze,0, NO,2,0,0,0,328.028829,331.586855,335.01999,339.027829, , , , , , , 
NG, encoding,2,2,0,10,8, lion,11,2,3, ,0,0,5.854217, build,0, NO,2,0,0,0,328.028829,340.469947,343.719929,349.579468, , , , , , , 
NG, encoding,2,3,0,11,8, garlic,9,1,7, ,0,0,6.748978, crush,0, NO,2,0,0,0,328.028829,350.353058,353.753129,360.507419, , , , , , , 
NG, encoding,2,4,0,12,8, bear,2,1,3, ,0,0,0, glide,0, NO,2,0,0,0,328.028829,361.736294,364.96945,360.507419, , , , , , , 
NG, encoding,2,5,0,13,8, cucumber,8,2,7, ,0,0,2.934062, volley,0, NO,2,0,0,0,328.028829,373.419367,376.335842,379.275304, , , , , , , 
NG, encoding,2,6,0,14,8, squirrel,15,1,3, ,0,0,6.536128, smooth,0, NO,2,0,0,0,328.028829,379.919278,383.285835,389.827197, , , , , , , 
NG, encoding,2,7,0,15,8, scarf,11,1,8, ,0,0,5.681594, throw,0, NO,2,0,0,0,328.028829,390.835716,393.852184,399.539141, , , , , , , 
NG, encoding,2,8,0,16,8, asparagus,2,2,7, ,0,0,4.434458, deposit,0, NO,2,0,0,0,328.028829,400.568861,403.435325,407.875032, , , , , , , 
NG, retrieval,2,0,1,16,9, asparagus,2,2,7, japanese_temple,15,2,0, deposit,2.232978, semantic_animated,1,1.242449,32,1, , , , ,453.451846,456.284436,458.522719,462.050934,463.298719,1, 
NG, retrieval,2,0,2,16,10, lion,11,2,3, cherry_field,5,1,0, build,1.941876, semantic_animated,1,1.411245,32,1, , , , ,453.451846,464.567515,466.514732,470.034086,471.45067,1, 
NG, retrieval,2,0,3,16,11, squirrel,15,1,3, parlamento_europeo,25,3,0, smooth,2.520505, semantic_animated,1,0.982681,32,1, , , , ,453.451846,472.500791,475.026699,478.550617,479.538626,1, 
NG, retrieval,2,0,4,16,12, cucumber,8,2,7, hardware_shop,18,3,0, volley,2.254078, semantic_animated,1,1.534713,32,1, , , , ,453.451846,480.567217,482.826663,486.350514,487.890589,1, 
NG, retrieval,2,0,5,16,13, garlic,9,1,7, chernobil,6,2,0, crush,2.84682, perceptual,1,0.815552,32,1, , , , ,453.451846,489.550366,492.4025,495.933676,496.754508,1, 
NG, retrieval,2,0,6,16,14, bear,2,1,3, volcano,30,1,0, glide,2.781618, semantic_animated,1,1.777033,32,1, , , , ,453.451846,498.183627,500.970453,504.500116,506.282479,1, 
NG, retrieval,2,0,7,16,15, scarf,11,1,8, costarica,9,2,0, throw,4.457711, perceptual,0,2.330416,32,1, , , , ,453.451846,507.683404,512.146374,515.666627,518.002358,1, 
NG, retrieval,2,0,8,16,16, artichoke,1,2,7, torcal,29,1,0, squeeze,0.952472, perceptual,1,0.965252,32,1, , , , ,453.451846,519.716533,520.674423,524.199723,525.170379,1, 
NG, encoding,3,1,0,17,16, spider,15,1,1, ,0,0,0, identify,0, NO,2,0,0,0,529.739202,535.332816,538.416208, , , , , , , , 
NG, encoding,3,2,0,18,16, radio,13,1,6, ,0,0,4.23288, trap,0, NO,2,0,0,0,529.739202,546.41602,549.715948,553.954244, , , , , , , 
NG, encoding,3,3,0,19,16, mantaray,7,2,4, ,0,0,5.2843, bury,0, NO,2,0,0,0,529.739202,555.315722,558.032457,563.322103, , , , , , , 
NG, encoding,3,4,0,20,16, toaster,16,2,6, ,0,0,4.413068, chop,0, NO,2,0,0,0,529.739202,564.165602,566.815623,571.234038, , , , , , , 
NG, encoding,3,5,0,21,16, pumpkin,15,1,7, ,0,0,5.62461, spin,0, NO,2,0,0,0,529.739202,572.415387,575.532018,581.161989, , , , , , , 
NG, encoding,3,6,0,22,16, satellite dish,15,2,6, ,0,0,6.14006, pull,0, NO,2,0,0,0,529.739202,581.981917,585.248537,591.393934, , , , , , , 
NG, encoding,3,7,0,23,16, bison,3,1,3, ,0,0,6.875512, arrange,0, NO,2,0,0,0,529.739202,593.015125,596.06498,602.945817, , , , , , , 
NG, encoding,3,8,0,24,16, orange,10,1,5, ,0,0,0, stamp,0, NO,2,0,0,0,529.739202,604.131589,607.298081,602.945817, , , , , , , 
NG, retrieval,3,0,1,24,17, bison,3,1,3, amsterdam,2,2,0, arrange,1.094364, semantic_animated,1,1.021226,35,1, , , , ,658.381647,660.813795,661.913712,665.446951,666.473644,1, 
NG, retrieval,3,0,2,24,18, spider,15,1,1, canyon,4,1,0, identify,1.605181, perceptual,1,1.447923,35,1, , , , ,658.381647,667.846893,669.457714,672.98018,674.433451,1, 
NG, retrieval,3,0,3,24,19, satellite dish,15,2,6, fall,11,1,0, pull,2.435804, perceptual,1,0.853368,35,1, , , , ,658.381647,675.680206,678.121358,681.646661,682.505402,1, 
NG, retrieval,3,0,4,24,20, orange,10,1,5, rome_skyline,21,2,0, stamp,1.913266, semantic_animated,1,2.047307,35,1, , , , ,658.381647,683.346714,685.265277,688.796624,690.8493,1, 
NG, retrieval,3,0,5,24,21, pumpkin,15,1,7, two_bed,31,4,0, spin,1.466155, semantic_animated,1,1.370136,35,1, , , , ,658.381647,691.929754,693.401218,696.929812,698.305236,1, 
NG, retrieval,3,0,6,24,22, mantaray,7,2,4, inside_forest,17,1,0, bury,9.702771, perceptual,1,4.389613,35,1, , , , ,658.381647,700.013049,709.721175,713.246149,717.641157,1, 
NG, retrieval,3,0,7,24,23, radio,13,1,6, flowers,13,1,0, trap,5.680478, semantic_animated,0,2.703929,35,1, , , , ,658.381647,719.379294,725.065092,728.595761,731.305061,1, 
NG, retrieval,3,0,8,24,24, toaster,16,2,6, laundry,19,3,0, chop,3.166764, semantic_animated,1,1.33876,35,1, , , , ,658.381647,732.428978,735.600978,739.128892,740.473073,1, 
NG, encoding,4,1,0,25,24, starfish02,15,2,4, ,0,0,5.477447, bring,0, NO,2,0,0,0,743.602641,746.81208,750.262097,755.744911, , , , , , , 
NG, encoding,4,2,0,26,24, butterfly,4,2,1, ,0,0,0, hit,0, NO,2,0,0,0,743.602641,756.478649,759.245252,755.744911, , , , , , , 
NG, encoding,4,3,0,27,24, canary,1,1,2, ,0,0,5.843098, compare,0, NO,2,0,0,0,743.602641,767.611767,770.728298,776.576745, , , , , , , 
NG, encoding,4,4,0,28,24, dolphin,3,1,4, ,0,0,4.888595, attach,0, NO,2,0,0,0,743.602641,778.111483,781.594824,786.488683, , , , , , , 
NG, encoding,4,5,0,29,24, colibri,2,1,2, ,0,0,6.311943, center,0, NO,2,0,0,0,743.602641,787.661281,790.41132,796.728651, , , , , , , 
NG, encoding,4,6,0,30,24, bowtie,2,1,8, ,0,0,5.219584, clap,0, NO,2,0,0,0,743.602641,797.527745,800.327666,805.552551, , , , , , , 
NG, encoding,4,7,0,31,24, microphone,10,1,6, ,0,0,5.4337, harm,0, NO,2,0,0,0,743.602641,806.527588,809.577501,815.016479, , , , , , , 
NG, encoding,4,8,0,32,24, lettuce,10,1,7, ,0,0,6.764331, fit,0, NO,2,0,0,0,743.602641,816.010737,818.91077,825.680482, , , , , , , 
NG, retrieval,4,0,1,32,25, microphone,10,1,6, barcelona,3,2,0, harm,1.979155, semantic_animated,1,1.190612,35,1, , , , ,870.094215,872.559644,874.54409,878.076209,879.272254,1, 
NG, retrieval,4,0,2,32,26, dolphin,3,1,4, brooklyn,4,2,0, attach,2.314589, semantic_animated,1,1.480692,35,1, , , , ,870.094215,880.576177,882.89608,886.426064,887.912046,1, 
NG, retrieval,4,0,3,32,27, canary,1,1,2, olives,22,1,0, compare,4.768541, semantic_animated,1,0.868716,35,1, , , , ,870.094215,889.626105,894.400035,897.925947,898.799953,1, 
NG, retrieval,4,0,4,32,28, butterfly,4,2,1, greenhouse,14,3,0, hit,1.504204, perceptual,1,1.414847,35,1, , , , ,870.094215,900.242557,901.751941,905.275795,906.695897,1, 
NG, retrieval,4,0,5,32,29, bowtie,2,1,8, highland,15,1,0, clap,2.010883, perceptual,1,1.100874,35,1, , , , ,870.094215,907.775721,909.791903,913.32564,914.431874,1, 
NG, retrieval,4,0,6,32,30, lettuce,10,1,7, casino,5,3,0, fit,3.97827, semantic_animated,1,0.933741,35,1, , , , ,870.094215,915.392269,919.375777,922.908703,923.847774,1, 
NG, retrieval,4,0,7,32,31, starfish02,15,2,4, pool_room,28,4,0, bring,1.740423, perceptual,1,1.161878,35,1, , , , ,870.094215,925.142073,926.887746,930.408543,931.575775,1, 
NG, retrieval,4,0,8,32,32, colibri,2,1,2, granada,12,2,0, center,1.950452, semantic_animated,1,0.971206,35,1, , , , ,870.094215,932.491933,934.447745,937.975164,938.95177,1, 
NG, encoding,5,1,0,33,32, pepper,13,2,7, ,0,0,3.946686, blur,0, NO,2,0,0,0,941.94895,946.20827,949.391606,953.343617, , , , , , , 
NG, encoding,5,2,0,34,32, swordfish,16,1,4, ,0,0,5.261114, remove,0, NO,2,0,0,0,941.94895,954.626493,957.293138,962.562566, , , , , , , 
NG, encoding,5,3,0,35,32, rabbit,12,2,3, ,0,0,5.496179, smash,0, NO,2,0,0,0,941.94895,963.196926,965.762065,971.263496, , , , , , , 
NG, encoding,5,4,0,36,32, apricot,2,2,5, ,0,0,4.087009, hold,0, NO,2,0,0,0,941.94895,971.970451,975.091113,979.183438, , , , , , , 
NG, encoding,5,5,0,37,32, pineapple,13,1,5, ,0,0,0, fade,0, NO,2,0,0,0,941.94895,980.640999,983.824245,979.183438, , , , , , , 
NG, encoding,5,6,0,38,32, coffee maker,3,2,6, ,0,0,3.887297, add,0, NO,2,0,0,0,941.94895,992.357359,995.290722,999.183419, , , , , , , 
NG, encoding,5,7,0,39,32, shark,13,1,4, ,0,0,5.830161, swing,0, NO,2,0,0,0,941.94895,999.840634,1002.523811,1008.359332, , , , , , , 
NG, encoding,5,8,0,40,32, computer mouse,4,1,6, ,0,0,6.744806, tear,0, NO,2,0,0,0,941.94895,1009.557036,1012.857052,1019.60724, , , , , , , 
NG, retrieval,5,0,1,40,33, rabbit,12,2,3, candy_shop,4,3,0, smash,1.570266, semantic_animated,1,0.894346,32,1, , , , ,1063.572949,1066.239295,1067.814843,1071.33917,1072.238981,1, 
NG, retrieval,5,0,2,40,34, coffee maker,3,2,6, island_kitchen,17,4,0, add,1.624364, semantic_animated,1,1.418353,32,1, , , , ,1063.572949,1073.889135,1075.518897,1079.039116,1080.462902,1, 
NG, retrieval,5,0,3,40,35, computer mouse,4,1,6, library,20,3,0, tear,9.549029, perceptual,1,0.921878,32,1, , , , ,1063.572949,1081.972367,1091.526792,1095.055484,1095.982739,1, 
NG, retrieval,5,0,4,40,36, pepper,13,2,7, bedroom_dirty,4,4,0, blur,2.426684, semantic_animated,1,1.220831,32,1, , , , ,1063.572949,1097.438703,1099.870653,1103.38854,1104.614717,1, 
NG, retrieval,5,0,5,40,37, swordfish,16,1,4, old_bathroom,27,4,0, remove,3.336142, semantic_animated,1,3.597448,32,1, , , , ,1063.572949,1105.505199,1108.846607,1112.371817,1115.974657,1, 
NG, retrieval,5,0,6,40,38, shark,13,1,4, classroom,8,3,0, swing,2.24898, semantic_animated,1,0.977635,32,1, , , , ,1063.572949,1117.088324,1119.342501,1122.871617,1123.854558,1, 
NG, retrieval,5,0,7,40,39, pineapple,13,1,5, clean_bath,7,4,0, fade,0.93579, perceptual,1,1.173088,32,1, , , , ,1063.572949,1124.921461,1125.862505,1129.388057,1130.566562,1, 
NG, retrieval,5,0,8,40,40, apricot,2,2,5, myst,20,1,0, hold,1.750358, perceptual,1,1.594957,32,1, , , , ,1063.572949,1131.354793,1133.110502,1136.63814,1138.238447,1, 
NG, encoding,6,1,0,41,40, glasses,5,2,8, ,0,0,4.913966, kick,0, NO,2,0,0,0,1141.628088,1144.454585,1147.471132,1152.390377, , , , , , , 
NG, encoding,6,2,0,42,40, coconut,5,1,5, ,0,0,0, forge,0, NO,2,0,0,0,1141.628088,1153.15437,1156.554291,1152.390377, , , , , , , 
NG, encoding,6,3,0,43,40, apple,1,1,5, ,0,0,0, chain,0, NO,2,0,0,0,1141.628088,1164.28754,1167.437349,1152.390377, , , , , , , 
NG, encoding,6,4,0,44,40, ostrich,7,2,2, ,0,0,5.433613, launch,0, NO,2,0,0,0,1141.628088,1175.953907,1178.687208,1184.12618, , , , , , , 
NG, encoding,6,5,0,45,40, shirt,12,1,8, ,0,0,0, allocate,0, NO,2,0,0,0,1141.628088,1184.970429,1187.65369,1184.12618, , , , , , , 
NG, encoding,6,6,0,46,40, flamingo,5,1,2, ,0,0,6.310657, inject,0, NO,2,0,0,0,1141.628088,1195.703562,1198.970076,1205.286022, , , , , , , 
NG, encoding,6,7,0,47,40, mushrooms,11,1,7, ,0,0,3.738733, bounce,0, NO,2,0,0,0,1141.628088,1205.936689,1209.069958,1212.814066, , , , , , , 
NG, encoding,6,8,0,48,40, owl,8,2,2, ,0,0,4.384874, agitate,0, NO,2,0,0,0,1141.628088,1214.203092,1217.719723,1222.109999, , , , , , , 
NG, retrieval,6,0,1,48,41, apple,1,1,5, field,12,1,0, chain,1.922897, perceptual,1,1.280986,34,1, , , , ,1267.320431,1269.28536,1271.213679,1274.735272,1276.021636,1, 
NG, retrieval,6,0,2,48,42, ostrich,7,2,2, parking_sub,24,3,0, launch,1.344236, semantic_animated,1,0.94908,34,1, , , , ,1267.320431,1277.151983,1278.501489,1282.035154,1282.989564,1, 
NG, retrieval,6,0,3,48,43, coconut,5,1,5, art_gallery,1,3,0, forge,1.741602, semantic_animated,1,1.499163,34,1, , , , ,1267.320431,1284.418555,1286.165572,1289.685006,1291.189501,1, 
NG, retrieval,6,0,4,48,44, glasses,5,2,8, paris_metro,23,3,0, kick,1.632539, semantic_animated,1,1.137929,34,1, , , , ,1267.320431,1292.351613,1293.989492,1297.518179,1298.661473,1, 
NG, retrieval,6,0,5,48,45, owl,8,2,2, venecia,30,2,0, agitate,1.204512, perceptual,1,1.175228,34,1, , , , ,1267.320431,1300.051547,1301.26135,1304.784803,1305.965404,1, 
NG, retrieval,6,0,6,48,46, mushrooms,11,1,7, cliff,6,1,0, bounce,1.371943, perceptual,1,1.008123,34,1, , , , ,1267.320431,1307.068086,1308.445411,1311.967914,1312.981375,1, 
NG, retrieval,6,0,7,48,47, shirt,12,1,8, destroyed_living,11,4,0, allocate,3.594699, perceptual,1,1.213561,34,1, , , , ,1267.320431,1314.701286,1318.301683,1321.834362,1323.053356,1, 
NG, retrieval,6,0,8,48,48, flamingo,5,1,2, grocery,15,3,0, inject,1.530839, semantic_animated,1,1.256342,34,1, , , , ,1267.320431,1324.301092,1325.8373,1329.367532,1330.629218,1, 
NG, encoding,7,1,0,49,48, octopus,8,2,4, ,0,0,5.443702, copy,0, NO,2,0,0,0,1333.123221,1336.000773,1338.684143,1344.13323, , , , , , , 
NG, encoding,7,2,0,50,48, hairdryer,6,2,6, ,0,0,2.749225, drill,0, NO,2,0,0,0,1333.123221,1345.417227,1348.050615,1350.805073, , , , , , , 
NG, encoding,7,3,0,51,48, camera,2,1,6, ,0,0,6.025876, lay,0, NO,2,0,0,0,1333.123221,1352.167122,1354.733818,1360.765034, , , , , , , 
NG, encoding,7,4,0,52,48, piranha,9,1,4, ,0,0,5.16266, shift,0, NO,2,0,0,0,1333.123221,1361.650277,1364.516978,1369.684982, , , , , , , 
NG, encoding,7,5,0,53,48, seaturtle,12,2,4, ,0,0,0, push,0, NO,2,0,0,0,1333.123221,1370.8501,1374.316791,1369.684982, , , , , , , 
NG, encoding,7,6,0,54,48, mosquito,12,1,1, ,0,0,4.969003, adjusted,0, NO,2,0,0,0,1333.123221,1382.699866,1385.566493,1390.540885, , , , , , , 
NG, encoding,7,7,0,55,48, gloves,6,2,8, ,0,0,6.143694, catapult,0, NO,2,0,0,0,1333.123221,1391.833023,1394.799737,1400.948754, , , , , , , 
NG, encoding,7,8,0,56,48, strawberry,15,2,5, ,0,0,5.359265, reduce,0, NO,2,0,0,0,1333.123221,1401.916118,1405.216131,1410.580686, , , , , , , 
NG, retrieval,7,0,1,56,49, octopus,8,2,4, dirty_industrial_area,10,2,0, copy,4.818611, perceptual,1,1.452728,36,1, , , , ,1455.332408,1457.948434,1462.772415,1466.298376,1467.756388,1, 
NG, retrieval,7,0,2,56,50, seaturtle,12,2,4, church,6,3,0, push,1.351411, semantic_animated,1,0.868082,36,1, , , , ,1455.332408,1468.831641,1470.188281,1473.714878,1474.588328,1, 
NG, retrieval,7,0,3,56,51, gloves,6,2,8, corridor_home,8,2,0, catapult,1.94355, perceptual,1,1.940249,36,1, , , , ,1455.332408,1475.83143,1477.780285,1481.31466,1483.260296,1, 
NG, retrieval,7,0,4,56,52, piranha,9,1,4, desert_landscape,8,1,0, shift,2.470866, perceptual,1,0.974954,36,1, , , , ,1455.332408,1484.248046,1486.724237,1490.247937,1491.228222,1, 
NG, retrieval,7,0,5,56,53, strawberry,15,2,5, music_store,21,3,0, reduce,1.281676, semantic_animated,1,1.201015,36,1, , , , ,1455.332408,1492.381209,1493.668175,1497.197796,1498.404251,1, 
NG, retrieval,7,0,6,56,54, hairdryer,6,2,6, vienna,31,2,0, drill,0.902624, perceptual,1,1.18113,36,1, , , , ,1455.332408,1499.464306,1500.372168,1503.897656,1505.084139,1, 
NG, retrieval,7,0,7,56,55, camera,2,1,6, bedroom_girly,5,4,0, lay,1.066673, perceptual,1,0.882661,36,1, , , , ,1455.332408,1506.364178,1507.436076,1510.964101,1511.852156,1, 
NG, retrieval,7,0,8,56,56, mosquito,12,1,1, luxury_living,26,4,0, adjusted,1.642666, perceptual,1,1.604089,36,1, , , , ,1455.332408,1512.964047,1514.61203,1518.130623,1519.740025,1, 
NG, encoding,8,1,0,57,56, wolf,16,1,3, ,0,0,5.060143, detect,0, NO,2,0,0,0,1522.704993,1524.847222,1528.130451,1533.195961, , , , , , , 
NG, encoding,8,2,0,58,56, dragonfly,7,2,1, ,0,0,5.356998, join,0, NO,2,0,0,0,1522.704993,1534.380413,1537.5136,1542.875843, , , , , , , 
NG, encoding,8,3,0,59,56, penguin,12,2,2, ,0,0,5.424376, pick,0, NO,2,0,0,0,1522.704993,1544.396818,1547.030094,1552.459882, , , , , , , 
NG, encoding,8,4,0,60,56, lemon,8,2,5, ,0,0,0, peek,0, NO,2,0,0,0,1522.704993,1553.263222,1556.19655,1552.459882, , , , , , , 
NG, encoding,8,5,0,61,56, pidgeon,13,1,2, ,0,0,2.803944, balance,0, NO,2,0,0,0,1522.704993,1564.76299,1567.546426,1570.355784, , , , , , , 
NG, encoding,8,6,0,62,56, mantis,11,2,1, ,0,0,0, drop,0, NO,2,0,0,0,1522.704993,1571.363517,1574.079542,1570.355784, , , , , , , 
NG, encoding,8,7,0,63,56, giraffe,7,2,3, ,0,0,4.357491, bump,0, NO,2,0,0,0,1522.704993,1581.829993,1585.312753,1589.675671, , , , , , , 
NG, encoding,8,8,0,64,56, football sneaker,4,1,8, ,0,0,4.766919, break,0, NO,2,0,0,0,1522.704993,1590.446525,1593.679258,1598.451551, , , , , , , 
NG, retrieval,8,0,1,64,57, pidgeon,13,1,2, kitchen_2,22,4,0, balance,3.223727, perceptual,1,0.873853,33,1, , , , ,1643.778979,1655.278127,1658.507132,1662.027984,1662.907104,1, 
NG, retrieval,8,0,2,64,58, football sneaker,4,1,8, shoe_shop,28,3,0, break,1.632633, perceptual,1,1.002012,33,1, , , , ,1643.778979,1664.461117,1666.099067,1669.627741,1670.635051,1, 
NG, retrieval,8,0,3,64,59, lemon,8,2,5, woodsmill,32,2,0, peek,1.478056, perceptual,1,0.917327,33,1, , , , ,1643.778979,1672.32767,1673.811011,1677.344344,1678.267018,1, 
NG, retrieval,8,0,4,64,60, wolf,16,1,3, living_room_2,24,4,0, detect,4.098682, perceptual,1,0.833595,33,1, , , , ,1643.778979,1679.810962,1683.91496,1687.444053,1688.282931,1, 
NG, retrieval,8,0,5,64,61, giraffe,7,2,3, roundabout,23,2,0, bump,1.705659, semantic_animated,1,1.016287,33,1, , , , ,1643.778979,1689.24401,1690.955025,1694.477348,1695.498903,1, 
NG, retrieval,8,0,6,64,62, dragonfly,7,2,1, dune,10,1,0, join,1.26833, semantic_animated,1,0.956383,33,1, , , , ,1643.778979,1696.777314,1698.050942,1701.577132,1702.538855,1, 
NG, retrieval,8,0,7,64,63, penguin,12,2,2, beach,2,1,0, pick,4.859657, perceptual,1,0.932446,33,1, , , , ,1643.778979,1704.193822,1709.05885,1712.577048,1713.514794,1, 
NG, retrieval,8,0,8,64,64, mantis,11,2,1, temple_indian,27,2,0, drop,1.452491, semantic_animated,1,0.757366,33,1, , , , ,1643.778979,1715.17694,1716.63475,1720.160069,1720.922722,1, 
NG, encoding,9,1,0,65,64, worm,16,2,1, ,0,0,0, utilize,0, NO,2,0,0,0,1729.699246,1733.393208,1736.609866, , , , , , , , 
NG, encoding,9,2,0,66,64, antelope,1,1,3, ,0,0,5.03232, circle,0, NO,2,0,0,0,1729.699246,1745.059647,1747.892881,1752.930603, , , , , , , 
NG, encoding,9,3,0,67,64, dress,3,2,8, ,0,0,0, give,0, NO,2,0,0,0,1729.699246,1754.360095,1757.726121,1752.930603, , , , , , , 
NG, encoding,9,4,0,68,64, pear,12,1,5, ,0,0,4.175894, pump,0, NO,2,0,0,0,1729.699246,1765.776515,1769.309241,1773.490446, , , , , , , 
NG, encoding,9,5,0,69,64, gamepad,5,1,6, ,0,0,5.568769, dance,0, NO,2,0,0,0,1729.699246,1775.058979,1777.892302,1783.466449, , , , , , , 
NG, encoding,9,6,0,70,64, kangaroo,10,2,3, ,0,0,5.418012, brush,0, NO,2,0,0,0,1729.699246,1784.675519,1787.258939,1792.682303, , , , , , , 
NG, encoding,9,7,0,71,64, sheep,14,2,3, ,0,0,5.562162, walk,0, NO,2,0,0,0,1729.699246,1794.142651,1797.058725,1802.626274, , , , , , , 
NG, encoding,9,8,0,72,64, duck,3,1,2, ,0,0,5.712984, guide,0, NO,2,0,0,0,1729.699246,1803.492473,1806.291869,1812.010234, , , , , , , 
NG, retrieval,9,0,1,72,65, worm,16,2,1, cool_room,8,4,0, utilize,7.025002, semantic_animated,1,0.611171,34,1, , , , ,1859.541654,1861.707482,1868.73785,1872.257278,1872.873782,1, 
NG, retrieval,9,0,2,72,66, dress,3,2,8, comic_shop,10,3,0, give,2.461222, semantic_animated,1,1.021316,34,1, , , , ,1859.541654,1874.00725,1876.473755,1880.00711,1881.0338,1, 
NG, retrieval,9,0,3,72,67, antelope,1,1,3, luxury_kitchen,25,4,0, circle,1.416026, semantic_animated,1,0.92207,34,1, , , , ,1859.541654,1881.940363,1883.361692,1886.890272,1887.817706,1, 
NG, retrieval,9,0,4,72,68, duck,3,1,2, prison,27,3,0, guide,2.417441, semantic_animated,1,1.739469,34,1, , , , ,1859.541654,1889.106877,1891.529709,1895.056818,1896.801625,1, 
NG, retrieval,9,0,5,72,69, kangaroo,10,2,3, kid_bedroom,19,4,0, brush,1.135475, perceptual,1,2.173037,34,1, , , , ,1859.541654,1898.356801,1899.497641,1903.02324,1905.201626,1, 
NG, retrieval,9,0,6,72,70, gamepad,5,1,6, living_room,23,4,0, dance,2.641093, perceptual,1,0.866431,34,1, , , , ,1859.541654,1906.92318,1909.569567,1913.089788,1913.961599,1, 
NG, retrieval,9,0,7,72,71, sheep,14,2,3, waterfall,31,1,0, walk,1.421683, perceptual,1,1.279731,34,1, , , , ,1859.541654,1915.606482,1917.033456,1920.556403,1921.841575,1, 
NG, retrieval,9,0,8,72,72, pear,12,1,5, budapest,5,2,0, pump,2.613806, perceptual,1,0.991969,34,1, , , , ,1859.541654,1923.606305,1926.225399,1929.756107,1930.753461,1, 
NG, encoding,10,1,0,73,72, printer,12,2,6, ,0,0,3.668112, explode,0, NO,2,0,0,0,1934.247217,1937.456078,1940.655933,1944.329375, , , , , , , 
NG, encoding,10,2,0,74,72, papaya,11,1,5, ,0,0,4.014893, knock,0, NO,2,0,0,0,1934.247217,1945.239159,1948.389141,1952.409249, , , , , , , 
NG, encoding,10,3,0,75,72, bull,4,2,3, ,0,0,6.548223, connect,0, NO,2,0,0,0,1934.247217,1953.606301,1956.255668,1962.809297, , , , , , , 
NG, encoding,10,4,0,76,72, turkey,15,2,2, ,0,0,4.851721, splash,0, NO,2,0,0,0,1934.247217,1963.755418,1966.872097,1971.729136, , , , , , , 
NG, encoding,10,5,0,77,72, ant,1,1,1, ,0,0,5.069849, hide,0, NO,2,0,0,0,1934.247217,1972.839159,1976.021908,1981.097107, , , , , , , 
NG, encoding,10,6,0,78,72, vulture,16,1,2, ,0,0,6.196059, wipe,0, NO,2,0,0,0,1934.247217,1981.888382,1984.471695,1990.673035, , , , , , , 
NG, encoding,10,7,0,79,72, slipper,13,2,8, ,0,0,4.123463, wrap,0, NO,2,0,0,0,1934.247217,1991.638204,1994.688182,1998.817089, , , , , , , 
NG, encoding,10,8,0,80,72, sock,14,1,8, ,0,0,4.75157, shake,0, NO,2,0,0,0,1934.247217,1999.97135,2002.588076,2007.345186, , , , , , , 
NG, retrieval,10,0,1,80,73, slipper,13,2,8, dif_river,9,1,0, wrap,1.44552, perceptual,1,0.86228,33,1, , , , ,2050.720793,2053.453791,2054.904656,2058.437038,2059.304583,1, 
NG, retrieval,10,0,2,80,74, ant,1,1,1, new_york,17,2,0, hide,1.552866, semantic_animated,1,1.821727,33,1, , , , ,2050.720793,2060.57041,2062.128615,2065.653507,2067.480606,1, 
NG, retrieval,10,0,3,80,75, printer,12,2,6, bedroom_baby,3,4,0, explode,1.367101, perceptual,1,1.02707,33,1, , , , ,2050.720793,2068.42021,2069.792562,2073.320136,2074.352507,1, 
NG, retrieval,10,0,4,80,76, turkey,15,2,2, burned,3,1,0, splash,1.611137, semantic_animated,1,0.93328,33,1, , , , ,2050.720793,2075.920065,2077.536506,2081.069857,2082.008458,1, 
NG, retrieval,10,0,5,80,77, vulture,16,1,2, snow_night,25,2,0, wipe,1.348575, semantic_animated,1,0.92136,33,1, , , , ,2050.720793,2083.686581,2085.040446,2088.56979,2089.496433,1, 
NG, retrieval,10,0,6,80,78, bull,4,2,3, cinema,7,3,0, connect,3.294646, semantic_animated,1,1.2215,33,1, , , , ,2050.720793,2090.836387,2094.13645,2097.669568,2098.896355,1, 
NG, retrieval,10,0,7,80,79, papaya,11,1,5, fish_market,13,3,0, knock,1.095559, perceptual,1,0.894148,33,1, , , , ,2050.720793,2099.819506,2100.920458,2104.45286,2105.352368,1, 
NG, retrieval,10,0,8,80,80, sock,14,1,8, toy_room,30,4,0, shake,2.688313, semantic_animated,1,1.767553,33,1, , , , ,2050.720793,2106.402694,2109.096276,2112.619387,2114.392288,1, 
NG, encoding,11,1,0,81,80, cherry,4,2,5, ,0,0,3.78655, deliver,0, NO,2,0,0,0,2117.192311,2127.235761,2129.952291,2133.744193, , , , , , , 
NG, encoding,11,2,0,82,80, melon,9,1,5, ,0,0,5.167188, cross,0, NO,2,0,0,0,2117.192311,2134.535624,2138.035536,2143.20819, , , , , , , 
NG, encoding,11,3,0,83,80, seahorse,10,2,4, ,0,0,6.024668, merge,0, NO,2,0,0,0,2117.192311,2144.152675,2147.602002,2153.632142, , , , , , , 
NG, encoding,11,4,0,84,80, phone,11,1,6, ,0,0,5.442209, tie,0, NO,2,0,0,0,2117.192311,2154.952375,2157.568407,2163.016056, , , , , , , 
NG, encoding,11,5,0,85,80, corn,6,1,7, ,0,0,5.318965, draw,0, NO,2,0,0,0,2117.192311,2163.784893,2166.851588,2172.175964, , , , , , , 
NG, encoding,11,6,0,86,80, carrot,5,2,7, ,0,0,4.221084, cut,0, NO,2,0,0,0,2117.192311,2173.468056,2176.101476,2180.32786, , , , , , , 
NG, encoding,11,7,0,87,80, horse,9,2,3, ,0,0,5.924571, spray,0, NO,2,0,0,0,2117.192311,2181.285248,2184.117886,2190.04781, , , , , , , 
NG, encoding,11,8,0,88,80, jellyfish,5,2,4, ,0,0,6.589248, hop,0, NO,2,0,0,0,2117.192311,2191.284371,2194.701125,2201.295732, , , , , , , 
NG, retrieval,11,0,1,88,81, cherry,4,2,5, wardrobe,32,4,0, deliver,1.186057, perceptual,1,1.669392,34,1, , , , ,2245.884962,2250.40007,2251.591346,2255.116655,2256.791359,1, 
NG, retrieval,11,0,2,88,82, melon,9,1,5, home_stairs_1,16,4,0, cross,2.143539, perceptual,1,0.996178,34,1, , , , ,2245.884962,2258.066494,2260.215413,2263.749857,2264.751387,1, 
NG, retrieval,11,0,3,88,83, jellyfish,5,2,4, japanese_living,18,4,0, hop,1.586831, semantic_animated,1,0.998332,34,1, , , , ,2245.884962,2266.583102,2268.175262,2271.69958,2272.703244,1, 
NG, retrieval,11,0,4,88,84, phone,11,1,6, town_riff,28,2,0, tie,1.342425, perceptual,1,0.819738,34,1, , , , ,2245.884962,2274.29952,2275.647197,2279.166136,2279.991211,1, 
NG, retrieval,11,0,5,88,85, carrot,5,2,7, gym,16,3,0, cut,9.13699, perceptual,1,0.982533,34,1, , , , ,2245.884962,2281.632819,2290.775178,2294.299231,2295.287121,1, 
NG, retrieval,11,0,6,88,86, corn,6,1,7, ronda_road,22,2,0, draw,1.161242, semantic_animated,1,1.869259,34,1, , , , ,2245.884962,2296.432523,2297.59909,2301.132452,2303.007147,1, 
NG, retrieval,11,0,7,88,87, seahorse,10,2,4, alpine,1,1,0, merge,1.069334, semantic_animated,1,1.125511,34,1, , , , ,2245.884962,2303.932395,2305.007062,2308.532223,2309.663015,1, 
NG, retrieval,11,0,8,88,88, horse,9,2,3, industry_texas,14,2,0, spray,0.938872, perceptual,1,0.672118,34,1, , , , ,2245.884962,2311.198851,2312.14301,2315.66551,2316.34303,1, 
NG, encoding,12,1,0,89,88, cockroach,6,2,1, ,0,0,4.782439, match,0, NO,2,0,0,0,2320.204683,2336.831688,2339.715033,2344.502883, , , , , , , 
NG, encoding,12,2,0,90,88, centipede,5,1,1, ,0,0,0, stick,0, NO,2,0,0,0,2320.204683,2345.431613,2348.664861,2344.502883, , , , , , , 
NG, encoding,12,3,0,91,88, eagle,4,2,2, ,0,0,3.968109, warm,0, NO,2,0,0,0,2320.204683,2357.347957,2360.481302,2364.454715, , , , , , , 
NG, encoding,12,4,0,92,88, bumble bee,3,2,1, ,0,0,6.285404, fall,0, NO,2,0,0,0,2320.204683,2366.015066,2369.147849,2375.438646, , , , , , , 
NG, encoding,12,5,0,93,88, onions,12,1,7, ,0,0,5.348261, cover,0, NO,2,0,0,0,2320.204683,2376.564179,2379.98093,2385.334642, , , , , , , 
NG, encoding,12,6,0,94,88, fly,8,1,1, ,0,0,6.921029, punch,0, NO,2,0,0,0,2320.204683,2386.097326,2389.064093,2395.990486, , , , , , , 
NG, encoding,12,7,0,95,88, handmixer,7,2,6, ,0,0,6.116704, browse,0, NO,2,0,0,0,2320.204683,2397.363789,2399.980428,2406.102407, , , , , , , 
NG, encoding,12,8,0,96,88, tomato,16,2,7, ,0,0,4.85603, paint,0, NO,2,0,0,0,2320.204683,2406.946932,2410.297038,2415.158293, , , , , , , 
NG, retrieval,12,0,1,96,89, onions,12,1,7, savana,25,1,0, cover,1.731434, semantic_animated,1,1.200816,34,0.941176, , , , ,2460.296374,2462.629307,2464.366074,2467.895873,2469.102021,1, 
NG, retrieval,12,0,2,96,90, fly,8,1,1, geisser,14,1,0, punch,0.740898, perceptual,1,1.234152,34,0.941176, , , , ,2460.296374,2470.39576,2471.142022,2474.662473,2475.901964,1, 
NG, retrieval,12,0,3,96,91, eagle,4,2,2, kid_bedroom_pink,20,4,0, warm,3.189609, semantic_animated,1,1.056991,34,0.941176, , , , ,2460.296374,2477.379001,2480.573899,2484.095563,2485.157886,1, 
NG, retrieval,12,0,4,96,92, tomato,16,2,7, home_office_2,15,4,0, paint,1.095667, semantic_animated,1,0.934447,34,0.941176, , , , ,2460.296374,2486.328938,2487.429865,2490.962072,2491.901877,1, 
NG, retrieval,12,0,5,96,93, bumble bee,3,2,1, firing_room,12,3,0, fall,2.658423, perceptual,1,1.051151,34,0.941176, , , , ,2460.296374,2492.862122,2495.525801,2499.04531,2500.1018,1, 
NG, retrieval,12,0,6,96,94, centipede,5,1,1, shpping,30,3,0, stick,3.277909, perceptual,1,1.061367,34,0.941176, , , , ,2460.296374,2500.978549,2504.261783,2507.795124,2508.861771,1, 
NG, retrieval,12,0,7,96,95, handmixer,7,2,6, swimming_pool,31,3,0, browse,1.672665, semantic_animated,1,1.112651,34,0.941176, , , , ,2460.296374,2510.11179,2511.78978,2515.311719,2516.42982,1, 
NG, retrieval,12,0,8,96,96, cockroach,6,2,1, uni_londo,29,2,0, match,1.882805, perceptual,1,1.290247,34,0.941176, , , , ,2460.296374,2518.061544,2519.949654,2523.478186,2524.773682,1, 
NG, encoding,13,1,0,97,96, jeans,9,1,8, ,0,0,4.317049, whirl,0, NO,2,0,0,0,2527.618362,2536.061213,2539.211169,2543.533867, , , , , , , 
NG, encoding,13,2,0,98,96, toucan,14,1,2, ,0,0,4.399202, strike,0, NO,2,0,0,0,2527.618362,2544.961146,2547.760994,2552.165587, , , , , , , 
NG, encoding,13,3,0,99,96, killer whale,6,1,4, ,0,0,4.437285, melt,0, NO,2,0,0,0,2527.618362,2553.694857,2556.410912,2560.85348, , , , , , , 
NG, encoding,13,4,0,100,96, betroot,4,2,7, ,0,0,6.586692, press,0, NO,2,0,0,0,2527.618362,2562.110649,2564.677338,2571.269456, , , , , , , 
NG, encoding,13,5,0,101,96, grasshopper,9,1,1, ,0,0,5.310799, discover,0, NO,2,0,0,0,2527.618362,2572.793817,2575.577214,2580.893377, , , , , , , 
NG, encoding,13,6,0,102,96, keyboard,8,2,6, ,0,0,4.677626, twitch,0, NO,2,0,0,0,2527.618362,2582.226958,2585.010264,2589.693188, , , , , , , 
NG, encoding,13,7,0,103,96, banana,3,2,5, ,0,0,4.540393, wash,0, NO,2,0,0,0,2527.618362,2590.476829,2593.643536,2598.18921, , , , , , , 
NG, encoding,13,8,0,104,96, potato,14,1,7, ,0,0,3.983208, stroke,0, NO,2,0,0,0,2527.618362,2599.55994,2602.976591,2606.965072, , , , , , , 
NG, retrieval,13,0,1,104,97, banana,3,2,5, vault_bank,32,3,0, wash,1.411119, perceptual,1,0.933302,35,1, , , , ,2650.876488,2653.092385,2654.508801,2658.042298,2658.980783,1, 
NG, retrieval,13,0,2,104,98, potato,14,1,7, coffee_shop,9,3,0, stroke,1.239305, semantic_animated,1,1.048688,35,1, , , , ,2650.876488,2660.192184,2661.43673,2664.95879,2666.012761,1, 
NG, retrieval,13,0,3,104,99, keyboard,8,2,6, ruthenburg,24,2,0, twitch,1.283908, semantic_animated,1,1.011438,35,1, , , , ,2650.876488,2667.075502,2668.365151,2671.891968,2672.908757,1, 
NG, retrieval,13,0,4,104,100, toucan,14,1,2, desktop_house,10,4,0, strike,2.475347, semantic_animated,1,1.363417,35,1, , , , ,2650.876488,2673.892029,2676.372669,2679.891921,2681.260648,1, 
NG, retrieval,13,0,5,104,101, killer whale,6,1,4, baby_room,2,4,0, melt,1.178921, perceptual,0,0.822247,35,1, , , , ,2650.876488,2682.108442,2683.292652,2686.825031,2687.652616,1, 
NG, retrieval,13,0,6,104,102, betroot,4,2,7, paris,20,2,0, press,1.055614, semantic_animated,1,1.816349,35,1, , , , ,2650.876488,2688.791681,2689.852701,2693.374921,2695.196558,1, 
NG, retrieval,13,0,7,104,103, jeans,9,1,8, cadena_montaje,3,3,0, whirl,0.882394, perceptual,1,1.185753,35,1, , , , ,2650.876488,2696.724819,2697.612545,2701.141428,2702.332542,1, 
NG, retrieval,13,0,8,104,104, grasshopper,9,1,1, Untitled,1,4,0, discover,1.531807, semantic_animated,1,1.26526,35,1, , , , ,2650.876488,2704.091375,2705.628503,2709.157945,2710.428483,1, 
NG, encoding,14,1,0,105,104, eel,4,1,4, ,0,0,6.243391, combine,0, NO,2,0,0,0,2719.132269,2725.357634,2728.507641,2734.756323, , , , , , , 
NG, encoding,14,2,0,106,104, sport t-shirt,15,2,8, ,0,0,6.882206, hammer,0, NO,2,0,0,0,2719.132269,2736.224171,2739.540705,2746.428239, , , , , , , 
NG, encoding,14,3,0,107,104, laptop,9,1,6, ,0,0,0, polish,0, NO,2,0,0,0,2719.132269,2747.607909,2751.073766,2746.428239, , , , , , , 
NG, encoding,14,4,0,108,104, scorpion,13,2,1, ,0,0,5.494541, boot,0, NO,2,0,0,0,2719.132269,2758.840255,2761.440261,2766.940179, , , , , , , 
NG, encoding,14,5,0,109,104, camel,5,1,3, ,0,0,5.945965, plant,0, NO,2,0,0,0,2719.132269,2768.240766,2771.556742,2777.508094, , , , , , , 
NG, encoding,14,6,0,110,104, peacock,10,2,2, ,0,0,5.60801, grap,0, NO,2,0,0,0,2719.132269,2778.606548,2782.006649,2787.619975, , , , , , , 
NG, encoding,14,7,0,111,104, hen,6,2,2, ,0,0,0, spread,0, NO,2,0,0,0,2719.132269,2788.939707,2791.623046,2787.619975, , , , , , , 
NG, encoding,14,8,0,112,104, seal,11,2,4, ,0,0,5.519721, grind,0, NO,2,0,0,0,2719.132269,2800.039468,2803.222793,2808.747864, , , , , , , 
NG, retrieval,14,0,1,112,105, eel,4,1,4, pharmacy,26,3,0, combine,1.477106, semantic_animated,1,1.060542,35,1, , , , ,2860.239048,2862.705109,2864.187473,2867.721669,2868.787488,1, 
NG, retrieval,14,0,2,112,106, scorpion,13,2,1, iceberg,16,1,0, boot,2.186554, semantic_animated,1,0.805989,35,1, , , , ,2860.239048,2870.371603,2872.563424,2876.08825,2876.89946,1, 
NG, retrieval,14,0,3,112,107, seal,11,2,4, street,26,2,0, grind,1.919259, semantic_animated,1,1.08551,35,1, , , , ,2860.239048,2878.454814,2880.379376,2883.904587,2884.995397,1, 
NG, retrieval,14,0,4,112,108, sport t-shirt,15,2,8, kitchen_1,21,4,0, hammer,0.662833, perceptual,1,1.086728,35,1, , , , ,2860.239048,2886.071273,2886.73932,2890.27126,2891.363352,1, 
NG, retrieval,14,0,5,112,109, hen,6,2,2, french,11,2,0, spread,0.998252, perceptual,1,1.216878,35,1, , , , ,2860.239048,2892.28774,2893.291374,2896.821123,2898.043348,1, 
NG, retrieval,14,0,6,112,110, peacock,10,2,2, hairdresser,17,3,0, grap,1.362194, semantic_animated,1,1.054242,35,1, , , , ,2860.239048,2899.587753,2900.955279,2904.487651,2905.547265,1, 
NG, retrieval,14,0,7,112,111, laptop,9,1,6, rainforest,23,1,0, polish,1.533047, perceptual,1,0.92238,35,1, , , , ,2860.239048,2906.920836,2908.45929,2911.987512,2912.915192,1, 
NG, retrieval,14,0,8,112,112, camel,5,1,3, rice_terrace,24,1,0, plant,2.259037, perceptual,1,0.859849,35,1, , , , ,2860.239048,2913.970812,2916.235148,2919.753951,2920.619188,1, 
NG, encoding,15,1,0,113,112, calculator,1,1,6, ,0,0,3.757298, expand,0, NO,2,0,0,0,2923.326099,2927.070454,2929.720488,2933.483159, , , , , , , 
NG, encoding,15,2,0,114,112, high heels,8,2,8, ,0,0,3.753362, locate,0, NO,2,0,0,0,2923.326099,2934.970405,2937.820307,2941.579017, , , , , , , 
NG, encoding,15,3,0,115,112, tie,16,1,8, ,0,0,5.874905, mount,0, NO,2,0,0,0,2923.326099,2942.404211,2945.186765,2951.066999, , , , , , , 
NG, encoding,15,4,0,116,112, remote control,14,2,6, ,0,0,6.474877, jump,0, NO,2,0,0,0,2923.326099,2952.470557,2955.786687,2962.266964, , , , , , , 
NG, encoding,15,5,0,117,112, blowfish,1,2,4, ,0,0,4.001737, swim,0, NO,2,0,0,0,2923.326099,2963.670387,2967.019792,2971.026943, , , , , , , 
NG, encoding,15,6,0,118,112, pomegranate,14,2,5, ,0,0,5.576514, split,0, NO,2,0,0,0,2923.326099,2972.602895,2975.652963,2981.234747, , , , , , , 
NG, encoding,15,7,0,119,112, grapes,6,2,5, ,0,0,6.498781, pat,0, NO,2,0,0,0,2923.326099,2982.802664,2986.202665,2992.706829, , , , , , , 
NG, encoding,15,8,0,120,112, kiwi,7,1,5, ,0,0,5.586184, dig,0, NO,2,0,0,0,2923.326099,2994.169116,2996.819131,3002.4107, , , , , , , 
NG, retrieval,15,0,1,120,113, grapes,6,2,5, city_street,7,2,0, pat,5.244375, semantic_animated,1,1.197183,34,1, , , , ,3066.518789,3068.584497,3073.834275,3077.367624,3078.570152,1, 
NG, retrieval,15,0,2,120,114, pomegranate,14,2,5, strange_field,27,1,0, split,1.267211, semantic_animated,1,1.10726,34,1, , , , ,3066.518789,3079.617636,3080.89024,3084.417494,3085.530094,1, 
NG, retrieval,15,0,3,120,115, kiwi,7,1,5, natural_night,21,1,0, dig,1.947373, semantic_animated,1,0.975994,34,1, , , , ,3066.518789,3087.017439,3088.970077,3092.500718,3093.482068,1, 
NG, retrieval,15,0,4,120,116, tie,16,1,8, mountain_landscape,19,1,0, mount,1.540125, perceptual,1,0.809509,34,1, , , , ,3066.518789,3094.80061,3096.345992,3099.867194,3100.682003,1, 
NG, retrieval,15,0,5,120,117, calculator,1,1,6, buddish_temple,2,3,0, expand,2.728187, semantic_animated,1,1.373494,34,1, , , , ,3066.518789,3101.900478,3104.634034,3108.167128,3109.545965,1, 
NG, retrieval,15,0,6,120,118, remote control,14,2,6, wetlands,32,1,0, jump,0.935627, perceptual,1,1.005038,34,1, , , , ,3066.518789,3110.516972,3111.457912,3114.983563,3115.993939,1, 
NG, retrieval,15,0,7,120,119, blowfish,1,2,4, shooting_room,29,3,0, swim,1.263718, perceptual,1,1.399691,34,1, , , , ,3066.518789,3117.316836,3118.585999,3122.116857,3123.521898,1, 
NG, retrieval,15,0,8,120,120, high heels,8,2,8, nice_port,18,2,0, locate,1.488455, semantic_animated,1,1.055914,34,1, , , , ,3066.518789,3124.700086,3126.19384,3129.716639,3130.777855,1, 
NG, encoding,16,1,0,121,120, parrot,9,1,2, ,0,0,4.687919, fold,0, NO,2,0,0,0,3133.274296,3136.483215,3139.516518,3144.209806, , , , , , , 
NG, encoding,16,2,0,122,120, crab,2,1,4, ,0,0,0, rub,0, NO,2,0,0,0,3133.274296,3145.582948,3148.949743,3144.209806, , , , , , , 
NG, encoding,16,3,0,123,120, gorilla,8,1,3, ,0,0,5.962904, assemble,0, NO,2,0,0,0,3133.274296,3156.75015,3160.049365,3166.017673, , , , , , , 
NG, encoding,16,4,0,124,120, couliflower,7,1,7, ,0,0,5.866959, multiply,0, NO,2,0,0,0,3133.274296,3167.699212,3170.649222,3176.52156, , , , , , , 
NG, encoding,16,5,0,125,120, elephant,6,1,3, ,0,0,0, move,0, NO,2,0,0,0,3133.274296,3177.266332,3180.315756,3176.52156, , , , , , , 
NG, encoding,16,6,0,126,120, hat,7,1,8, ,0,0,0, include,0, NO,2,0,0,0,3133.274296,3188.399464,3191.132112,3176.52156, , , , , , , 
NG, encoding,16,7,0,127,120, aubergine,3,2,7, ,0,0,3.712123, clean,0, NO,2,0,0,0,3133.274296,3199.849203,3203.331866,3207.049366, , , , , , , 
NG, encoding,16,8,0,128,120, shrimp,14,1,4, ,0,0,6.665454, touch,0, NO,2,0,0,0,3133.274296,3208.365054,3211.298487,3217.969337, , , , , , , 
NG, retrieval,16,0,1,128,121, crab,2,1,4, desert,7,1,0, rub,2.69683, perceptual,1,0.983613,33,1, , , , ,3261.848246,3263.730803,3266.432966,3269.963961,3270.952934,1, 
NG, retrieval,16,0,2,128,122, elephant,6,1,3, operating_room,22,3,0, move,1.901508, perceptual,1,1.364285,33,1, , , , ,3261.848246,3271.81405,3273.720867,3277.247258,3278.616873,1, 
NG, retrieval,16,0,3,128,123, couliflower,7,1,7, home_office,14,4,0, multiply,2.588345, perceptual,1,0.767831,33,1, , , , ,3261.848246,3280.247189,3282.841006,3286.363782,3287.136829,1, 
NG, retrieval,16,0,4,128,124, shrimp,14,1,4, airport,1,2,0, touch,3.575062, semantic_animated,1,1.011257,33,1, , , , ,3261.848246,3288.580414,3292.160872,3295.680255,3296.696796,1, 
NG, retrieval,16,0,5,128,125, aubergine,3,2,7, lake_,18,1,0, clean,1.233873, semantic_animated,1,0.979365,33,1, , , , ,3261.848246,3297.913552,3299.152733,3302.680071,3303.664733,1, 
NG, retrieval,16,0,6,128,126, gorilla,8,1,3, malopolska,16,2,0, assemble,2.576658, perceptual,1,0.796765,33,1, , , , ,3261.848246,3305.346714,3307.928696,3311.4466,3312.248936,1, 
NG, retrieval,16,0,7,128,127, hat,7,1,8, houses,13,2,0, include,3.270729, perceptual,1,0.886915,33,1, , , , ,3261.848246,3313.796558,3317.072656,3320.596433,3321.488619,1, 
NG, retrieval,16,0,8,128,128, parrot,9,1,2, sunset,28,1,0, fold,1.300942, perceptual,1,0.827613,33,1, , , , ,3261.848246,3323.046345,3324.352548,3327.8796,3328.712592,1, 
NG, , , , , , , , , , , , , , , , , , , , , , , , , , , , , , , ,3331.329326
